game_title,number_owners,rating,number_owners_rated,difficulty,percent_difficulty_votes,game_length,votes_game_length,number_completed_users,completion_rate,system
.hack//Link,300,3.93,148,Easy-Just Right,57.69,54.7,37,57,36,PSP
7th Dragon 2020,214,4.05,135,Just Right-Tough,56.9,51.6,77,87,68,PSP
7th Dragon 2020-II,122,4.08,72,Just Right-Tough,45.9,48.2,42,44,68,PSP
Adventures to Go!,265,3.62,119,Easy-Just Right,69.64,34.3,18,31,22,PSP
Agarest Senki Mariage,52,3.74,25,Just Right-Tough,56.25,35,10,15,71,PSP
Alien Syndrome,194,3.34,70,Just Right,58.33,25.4,18,27,31,PSP
Angelique Retour,8,3.58,6,Just Right,33.33,16,2,2,67,PSP
Antiphona no Seikahime: Tenshi no Score Op.A,33,3.84,16,Tough,33.33,65,6,6,NA,PSP
Ape Quest,133,3.52,65,Easy-Just Right,68.42,22.2,12,27,36,PSP
Arms' Heart,25,1.27,11,Tough,28.57,4.3,6,6,55,PSP
Astonishia Story,514,3.03,181,Just Right,47.37,21.1,39,81,38,PSP
Crimson Gem Saga,781,3.65,347,Just Right,62.86,37.8,72,141,34,PSP
Battle Spirits: Hero's Soul,30,2.82,11,Just Right-Tough,42.86,23,4,4,36,PSP
Battle Spirits: Kiseki no Hasha,24,3.35,10,Tough,42.86,22.5,6,6,55,PSP
Blade Dancer: Lineage of Light,387,2.96,132,Just Right-Tough,71,33.7,19,48,29,PSP
Bleach: Soul Carnival,263,3.95,178,Just Right,41.27,24.2,50,116,58,PSP
Bleach: Soul Carnival 2,225,3.95,155,Just Right,52.7,34.9,54,95,61,PSP
Brandish: The Dark Revenant,125,3.96,71,Just Right-Tough,54,35.4,34,39,64,PSP
Brave Story: New Traveler,1030,3.78,481,Just Right,68.2,39.5,119,276,48,PSP
Breath of Fire III,970,4.17,427,Just Right,76.72,53,131,233,47,PSP
Dungeon Maker: Hunting Ground,158,3.59,65,Just Right,79.17,58.7,9,21,27,PSP
Dungeon Maker II: The Hidden War,189,3.84,81,Just Right,78.26,58.8,8,14,14,PSP
ClaDun x2,271,3.96,147,Just Right-Tough,51.43,51.9,30,38,27,PSP
Cladun: This is an RPG,346,3.84,148,Just Right-Tough,51.85,38.1,27,47,25,PSP
Class of Heroes,613,3.61,300,Tough,52.89,52.1,36,62,17,PSP
Class of Heroes 2,185,3.71,75,Just Right,52,48.1,21,23,32,PSP
Class of Heroes 3,17,3.72,9,Just Right-Tough,NA,20.5,4,4,NA,PSP
Coded Soul: Uketsugareshi Idea,34,2.67,18,Tough,NA,2.7,3,3,18,PSP
Conception: Please Have My Children!,57,4,35,Just Right,37,44.8,13,14,48,PSP
Criminal Girls,96,3.96,69,Just Right,65.12,43.2,24,35,51,PSP
Crisis Core: Final Fantasy VII,8858,4.22,5763,Just Right,69.91,45.1,1762,4209,65,PSP
Danball Senki,54,4,37,Just Right,68.42,30.2,11,15,47,PSP
Danball Senki Boost,42,3.87,30,Just Right,77.78,48.2,10,13,62,PSP
Danball Senki W,38,3.96,25,Just Right,NA,54.7,9,10,59,PSP
Densetsu no Yuusha no Densetsu: Legendary Saga,14,3,6,Just Right,NA,36,3,3,NA,PSP
Digimon Adventure,199,4.03,133,Just Right,53,46.4,49,56,49,PSP
Digimon World Re:Digitize,401,4.13,287,Just Right,53,38.4,104,118,53,PSP
DokiSui: DokiDoki Suikoden,8,3.7,5,Easy-Just Right,50,20,1,1,25,PSP
Dragoneer's Aria,511,3.22,202,Just Right-Tough,52.94,38.4,25,61,24,PSP
Dungeon Explorer: Warriors of Ancient Arts,227,3.36,101,Just Right,62.22,30.8,15,26,NA,PSP
Dungeon Siege: Throne of Agony,438,3.73,185,Just Right,64.71,30.4,42,105,48,PSP
Dungeon Travelers 2: Ouritsu Toshokan to Mamono no Fuuin,32,3.47,17,Just Right,38.46,26.4,7,8,57,PSP
The Legend of Heroes: A Tear of Vermillion,634,3.65,264,Just Right,69.7,39.5,82,171,54,PSP
The Legend of Heroes III: Song of the Ocean,433,3.54,141,Just Right,73.33,41.6,45,83,NA,PSP
The Legend of Heroes II: Prophecy of the Moonlight Witch,468,3.59,154,Easy-Just Right,65,37.9,62,123,59,PSP
Eiyuu Densetsu: Ao no Kiseki,116,4.13,72,Just Right,66.67,65.5,38,45,82,PSP
The Legend of Heroes: Trails in the Sky,1619,4.32,943,Just Right,79.97,55.8,400,514,54,PSP
Eiyuu Densetsu: Sora no Kiseki Material Collection Portable,16,3.25,4,Easy-Just Right,66.67,47.3,3,3,75,PSP
The Legend of Heroes: Trails in the Sky SC,422,4.29,282,Just Right,68,72.3,143,155,72,PSP
Eiyuu Densetsu: Sora no Kiseki the 3rd,76,3.81,42,Just Right-Tough,61.11,57.6,16,25,74,PSP
Eiyuu Densetsu: Zero no Kiseki,126,4.1,82,Just Right,77,64.8,42,49,69,PSP
Elminage Gothic: Ulm Zakir to Yami no Gishiki,22,3.42,12,Tough-Unforgiving,53.85,80,6,6,46,PSP
Elminage Ibun: Ame no Mihashira,17,3.25,10,Tough,44.44,38.4,5,5,56,PSP
Elminage II: Sousei no Megami to Unmei no Daichi,15,3.86,7,Tough-Unforgiving,NA,75,2,3,NA,PSP
Elminage III: Ankoku no Shito to Taiyou no Kyuuden,22,3.96,14,Tough-Unforgiving,66.67,46,7,8,NA,PSP
Elminage Original,92,3.74,53,Tough,39.39,62.3,14,14,NA,PSP
Entaku no Seito: The Eternal Legend,13,3.64,7,Just Right-Tough,75,40,2,2,NA,PSP
Fairy Tail: Portable Guild,98,3.58,55,Just Right,71.43,46.4,16,24,NA,PSP
Fairy Tail: Portable Guild 2,66,3.46,40,Just Right,51.85,45.3,15,17,45,PSP
Fate/Extra,1207,4,732,Just Right-Tough,57.98,43.6,304,379,55,PSP
Fate/Extra CCC,164,4.06,105,Just Right,73.13,55.4,43,48,57,PSP
Final Fantasy,3050,3.92,1498,Just Right,62.31,32.5,597,1082,NA,PSP
Final Fantasy II,2411,3.71,1038,Just Right,58.36,37.3,382,660,51,PSP
Final Fantasy III,796,3.74,385,Just Right,64.73,42.3,158,210,56,PSP
Final Fantasy Type-0,939,4.32,667,Just Right-Tough,56.9,58.7,255,302,51,PSP
Frontier Gate,58,3.99,34,Just Right-Tough,61.54,62.9,17,18,53,PSP
Frontier Gate Boost+,34,4.06,24,Just Right-Tough,52.63,60.7,14,15,65,PSP
Fushigi no Dungeon: Fuuren no Shirai 3 Portable,24,3.65,13,Tough,50,68.3,6,7,54,PSP
Fushigi no Dungeon: Fuurai no Shigen 4 Plus - Kami no Hitomi to Akuma no Heso,15,3.38,8,Unforgiving,80,NA,5,1,17,PSP
Genso Suikoden: Tsumugareshi Hyakunen no Toki,79,3.52,48,Easy-Just Right,42.86,38.8,16,19,53,PSP
God Eater,335,4.04,206,Just Right-Tough,45.26,64,59,98,46,PSP
God Eater 2,226,4.15,170,Just Right,62.7,63.7,74,85,NA,PSP
Gods Eater Burst,1634,4.16,1017,Just Right-Tough,51.93,62.4,385,511,47,PSP
Grand Knights History,222,4,134,Just Right-Tough,64.47,36.5,20,22,22,PSP
Gurumin: A Monstrous Adventure,459,4.01,177,Easy-Just Right,NA,24.4,44,108,NA,PSP
Hagane no Renkinjutsushi: Fullmetal Alchemist - Yakusoku no Hi e,29,3.88,13,Easy-Just Right,33.33,24,6,8,NA,PSP
Half-Minute Hero,784,4,378,Just Right,69.8,20.6,116,218,NA,PSP
Harukanaru Toki no Naka de 5,12,3,6,Just Right-Tough,NA,40.4,5,5,NA,PSP
Harukanaru Toki no Naka de 5: Kazahanaki,8,3.13,4,Tough,66.67,30.7,3,3,NA,PSP
Harukanaru Toki no Naka de 6,4,3,NA,NA,NA,NA,NA,NA,NA,PSP
Itsuka Kono Te ga Kegareru Toki ni: Spectral Force Legacy,23,3.54,13,Tough,NA,25,6,7,64,PSP
Jikandia: The Timeless Land,147,3.35,33,Just Right,58.82,20.7,6,12,24,PSP
Judie no Atelier: Gramnad no Renkinjutsushi - Toraware no Mamoribito,21,3.46,12,Just Right-Tough,36.36,63.3,6,6,46,PSP
Justice League Heroes,141,3.64,65,Just Right,NA,28.4,28,43,61,PSP
Ken to Mahou to Gakuen Mono. Final: Shinnyusei wa Ohimesama,16,3.79,7,Tough,NA,38,4,4,NA,PSP
Kingdom of Paradise,395,3.6,150,Just Right,53.26,29.3,59,94,53,PSP
Kidou Senshi Gundam AGE: Cosmic Drive,48,3.98,26,Easy-Just Right,71.43,28,5,9,64,PSP
Kidou Senshi Gundam AGE: Universe Accel,32,3.81,16,Just Right,83.33,20,3,4,NA,PSP
King's Field: Additional I,16,3.29,7,Tough-Unforgiving,NA,65,2,3,NA,PSP
King's Field: Additional II,18,3.8,5,Tough-Unforgiving,NA,56.7,3,3,NA,PSP
Kingdom Hearts: Birth by Sleep,5997,4.37,4116,Just Right,67.79,48.5,1892,2964,68,PSP
Last Ranker,103,3.91,64,Just Right,84.85,43.9,21,28,51,PSP
Lord of Apocalypse,68,3.98,40,Just Right,68.97,53.8,17,18,53,PSP
Lord of Arcana,760,3.68,437,Tough,48,55.3,73,96,21,PSP
Lost Heroes,32,3.93,20,Tough-Unforgiving,53.85,61.5,8,8,62,PSP
Warriors of the Lost Empire,190,3.12,81,Just Right-Tough,52.94,31.1,18,31,33,PSP
Lunar: Silver Star Harmony,1212,4.04,577,Easy-Just Right,67.95,36.6,176,305,46,PSP
Magna Carta Portable,44,3.95,21,Just Right,72.73,43.3,6,8,35,PSP
MagusTale Eternity: Seikaiju to Koisuru Mahou Tsukai,9,3.7,5,Just Right,100,20,1,2,50,PSP
Mana Khemia 2: Ochita Gakuen to Renkinjutsushi Tachi Portable+,61,4.05,43,Just Right,74,52.3,18,23,58,PSP
Mana Khemia: Student Alliance,867,4.06,461,Just Right,75,52.9,139,230,42,PSP
Marvel: Ultimate Alliance,321,3.83,165,Just Right,71.95,30.5,57,116,62,PSP
Marvel: Ultimate Alliance 2,154,3.3,87,Easy-Just Right,66.67,27.6,28,39,42,PSP
Mega Man Legends,99,4.09,45,Just Right,51.61,22.2,18,29,59,PSP
Mimana Iyar Chronicle,355,3.6,161,Just Right,71.25,28.3,43,87,46,PSP
MonHun Nikki: Poka Poka Ailu Mura,28,3.65,13,Easy-Just Right,66.67,20,1,2,17,PSP
MonHun Nikki: Poka Poka Ailu Mura G,21,3.83,6,Easy-Just Right,NA,NA,NA,NA,NA,PSP
Monster Hunter Freedom,1348,4.01,735,Tough,58.11,77.7,175,298,35,PSP
Monster Hunter Freedom 2,2865,4.34,1989,Tough,59.69,77.7,221,668,NA,PSP
Monster Hunter Freedom Unite,5616,4.46,4126,Tough,64.47,NA,900,1366,32,PSP
Monster Hunter Portable 3rd,1698,4.44,1356,Just Right-Tough,54.5,79.2,473,593,48,PSP
Monster Kingdom: Jewel Summoner,288,3.64,121,Easy-Just Right,55.56,33,27,63,45,PSP
Motto Nuga-Cel!,29,4.13,20,Just Right-Tough,NA,53.1,11,14,74,PSP
Nayuta no Kiseki,118,4.01,63,Just Right,NA,39.6,31,41,69,PSP
Nendoroid Generation,66,3.88,37,Just Right,75.86,17.9,9,12,38,PSP
One Piece: Romance Dawn,107,3.84,77,Just Right,62.5,45.2,28,31,46,PSP
Ore no Dungeon,21,1.88,13,Just Right-Tough,37.5,17.3,3,3,NA,PSP
Ore no Shikabane o Koete Yuke,22,3.5,8,Just Right,83.33,43,4,4,NA,PSP
Shin Megami Tensei: Persona,2228,3.8,1132,Just Right-Tough,56,48.3,290,437,35,PSP
Persona 2: Batsu,150,3.3,72,Easy-Just Right,44.23,51.6,32,37,54,PSP
Shin Megami Tensei: Persona 2 - Innocent Sin,2091,4.04,1073,Just Right,56.74,49.6,324,402,39,PSP
Shin Megami Tensei: Persona 3 Portable,5394,4.36,3802,Just Right-Tough,68.95,73.7,1724,2179,NA,PSP
Phantasy Star Portable,1581,3.99,883,Just Right,63.39,51.6,174,437,42,PSP
Phantasy Star Portable 2,1441,4.23,910,Just Right-Tough,63.58,60.6,284,449,46,PSP
Phantasy Star Portable 2 Infinity,199,4.22,136,Just Right-Tough,63.75,68.2,44,65,53,PSP
PoPoLoCrois,550,3.68,186,Easy-Just Right,65.52,34.7,38,95,42,PSP
Princess Crown,88,3.84,34,Just Right-Tough,46.67,48.2,9,16,43,PSP
Puella Magi Madoka Magica Portable,66,4,44,Just Right-Tough,51.43,40.8,24,25,66,PSP
Ranshima Monogatari Rare Land Story: Shoujo no Yakujou,8,1.75,2,NA,NA,NA,NA,1,50,PSP
Rezel Cross,27,2.62,13,Just Right-Tough,37.5,40,2,2,17,PSP
Riviera: The Promised Land,786,3.84,335,Just Right,66.48,37.4,106,192,46,PSP
RockMan Dash 2,54,4.31,29,Easy-Just Right,47.62,30,10,14,52,PSP
Saigo no Yakusoku no Monogatari,37,3.26,21,Just Right-Tough,72.73,32,5,5,26,PSP
Sekai wa Atashi de Mawatteru: Hikari to Yami no Princess,9,3.63,4,Easy-Just Right,50,60,1,1,33,PSP
Senritsu no Stratus,40,3.92,24,Just Right,66.67,40,9,11,69,PSP
Shin Ken to Mahou to Gakuen Mono.: Toki no Gakuen,22,3.9,10,Just Right,66.67,30,2,2,22,PSP
Shin Megami Tensei: Devil Summoner,115,3.54,66,Just Right-Tough,41.67,62.7,36,40,56,PSP
Shining Ark,88,3.8,49,Just Right-Tough,51.35,51,18,23,53,PSP
Shining Blade,108,3.89,62,Just Right,65.12,43.7,24,36,73,PSP
Shining Hearts,109,3.84,56,Just Right,71.43,47.1,16,23,44,PSP
White Knight Chronicles: Origins,263,3.54,137,Just Right,68,36.3,29,45,NA,PSP
Silverfall,79,3.2,33,Just Right,71.43,17,4,9,26,PSP
Sol Trigger,87,3.99,55,Just Right,74.36,35.3,22,25,54,PSP
Star Ocean: First Departure,2646,4.02,1343,Just Right,75.54,41.2,431,805,NA,PSP
Star Ocean: Second Evolution,2106,4.24,1007,Just Right,75.44,55.2,329,613,52,PSP
Sword Art Online: Infinity Moment,204,4,143,Just Right,65.91,55.3,32,36,31,PSP
Tales of Destiny 2,188,4.01,103,Just Right-Tough,61.4,56.3,39,67,63,PSP
Tales of Eternia,994,4.03,509,Just Right,77.3,54.1,190,323,55,PSP
Tales of Phantasia: Full Voice Edition,169,3.99,88,Just Right-Tough,68,63.7,33,56,NA,PSP
Tales of Phantasia: Narikiri Dungeon X,230,4.09,137,Just Right,82.76,56.5,56,78,56,PSP
Tales of Rebirth,225,4.11,138,Just Right-Tough,58.21,60,38,71,54,PSP
Tales of the World: Radiant Mythology,1653,3.73,895,Just Right,69.19,47,226,488,47,PSP
Tales of the World: Radiant Mythology 2,361,4.15,242,Just Right,69.66,55.7,53,118,48,PSP
Tales of the World: Radiant Mythology 3,343,4.2,241,Just Right,72.3,60.4,91,127,57,PSP
Tegami Bachi: Kokoro Tsumugu Mono e,11,3.13,4,Just Right,NA,26,2,2,NA,PSP
Tenchi no Mon 2: Busouden,22,3.68,11,Just Right-Tough,57.14,20,2,2,22,PSP
Tengai Makyou: Dai Yon no Mokushiroku,11,3.5,4,NA,NA,NA,NA,1,33,PSP
Tir Na Nog: Yuukyuu no Jin,19,1.32,14,Tough-Unforgiving,NA,21,4,4,NA,PSP
To Heart 2: Dungeon Travelers,33,3.82,14,Just Right,25,40.5,4,5,36,PSP
Toriko: Gourmet Survival!,30,3.5,17,Just Right-Tough,57.14,23,10,10,59,PSP
UnchainBlades EXXiV,36,3.88,25,Just Right-Tough,36.36,60.6,13,14,61,PSP
Unchained Blades,249,3.93,164,Just Right-Tough,57.66,66.2,52,68,47,PSP
Untold Legends: Brotherhood of the Blade,585,3.44,250,Just Right,65.57,30.3,59,121,39,PSP
Untold Legends: The Warrior's Code,364,3.47,155,Just Right,69,28.7,38,84,47,PSP
Valhalla Knights,595,3.24,233,Just Right-Tough,42.74,58,46,75,27,PSP
Valhalla Knights 2,418,3.52,198,Tough,56,51.2,18,39,16,PSP
Valhalla Knights 2: Battle Stance,134,3.57,61,Just Right-Tough,NA,56.5,11,16,24,PSP
Valkyrie Profile: Lenneth,2078,4.17,953,Just Right-Tough,59,49.6,299,580,NA,PSP
Vantage Master Portable,21,3.65,10,Just Right,NA,10,2,3,38,PSP
Viorate no Atelier: Gramnad no Renkinjutsushi 2 - Gunjou no Omoide,19,3.18,11,Just Right-Tough,66.67,35,4,4,44,PSP
Wizardry Empire III,12,2.88,4,Tough,33.33,20,1,2,50,PSP
World Neverland 2-in-1 Portable,13,3.71,7,Just Right,33.33,75,2,2,NA,PSP
X-Men Legends II: Rise of Apocalypse,286,3.84,121,Just Right,81.48,24.9,41,95,65,PSP
Ys Seven,1320,4.2,682,Just Right,75,35.3,272,437,NA,PSP
Ys: The Oath in Felghana,888,4.1,415,Just Right-Tough,54.75,23.6,184,308,68,PSP
Ys: The Ark of Napishtim,552,3.66,216,Just Right,68.91,28.8,72,133,52,PSP
Yuusha 30 Second,32,3.93,22,Just Right-Tough,61.54,40.3,8,11,61,PSP
Z.H.P. Unlosing Ranger vs Darkdeath Evilman,667,4.1,368,Just Right-Tough,56.25,49.5,93,157,39,PSP
Zill O'll Infinite Plus,22,3,12,Just Right-Tough,44.44,16.7,6,6,55,PSP
Zwei!!,23,3.71,12,Just Right,NA,46.7,3,3,33,PSP
7th Dragon,144,3.84,87,Tough,68.52,54.7,30,37,43,DS
Castlevania: Portrait of Ruin,4210,3.89,2276,Just Right,69.89,26.8,833,1868,76,DS
Castlevania: Dawn of Sorrow,4711,4.01,2601,Just Right,71.61,26.4,984,2216,79,DS
Castlevania: Order of Ecclesia,4285,3.99,2485,Just Right-Tough,55.23,28,810,1707,64,DS
Avalon Code,992,3.91,496,Just Right,64.29,40.6,103,206,34,DS
Away: Shuffle Dungeon,192,3.49,68,Just Right,51.22,28.1,23,31,38,DS
Battle of Giants: Mutant Insects,37,3.58,19,Just Right-Tough,30.77,23.8,8,11,50,DS
Black Sigil: Blade of the Exiled,469,3.69,234,Just Right,54.76,36.4,50,81,31,DS
Blood of Bahamut,89,3.92,38,Tough,52.17,48.5,12,18,42,DS
Blue Dragon: Awakened Shadow,413,3.78,154,Just Right,68.57,37.7,37,57,31,DS
Fossil Fighters,564,4,325,Just Right,62.21,42.8,113,230,65,DS
Bomberman Story DS,122,3.43,41,Just Right,76.67,19.9,16,22,39,DS
Bouken-Ou Beet: Vandel vs. Busters,22,3.82,11,Tough,37.5,21,4,4,40,DS
Brave Story,23,3.55,11,Easy,50,49,8,9,82,DS
Children of Mana,1627,3.29,684,Easy-Just Right,57.41,28.1,149,363,41,DS
Chocobo to Mahou no Ehon: Majo to Shoujo to Go-nin no Yuusha,23,3.78,9,Just Right,75,32.8,5,7,78,DS
Spectrobes: Beyond the Portals,565,3.94,295,Just Right,66.14,38.9,87,189,56,DS
Chrono Trigger,7905,4.6,5725,Just Right,77.03,44.2,1882,3332,67,DS
Cid to Chocobo no Fushigi na Dungeon: Toki Wasure no Meikyuu +,21,3.2,10,Just Right,83.33,64,5,7,78,DS
Code Geass: Hangyaku no Lelouch,73,3.85,46,Easy-Just Right,61.11,33.3,12,23,49,DS
Contact,980,3.64,377,Just Right,64.6,28,94,209,43,DS
Cross Treasures,23,3.85,10,Just Right-Tough,40,50.5,4,4,44,DS
The Dark Spire,497,3.82,230,Tough-Unforgiving,48.11,61.6,38,66,25,DS
Date ni Game Tsui Wake Jane! Dungeon Maker Girls Type,13,3.42,6,Tough-Unforgiving,50,40,3,3,43,DS
Deep Labyrinth,231,2.88,71,Just Right-Tough,47.04,34.8,13,25,27,DS
Deltora Quest,25,3.88,12,Just Right-Tough,57.14,56.7,6,6,50,DS
Dengeki Gakuen RPG: Cross of Venus,34,3.89,23,Easy-Just Right,50,30,6,9,41,DS
Dengeki Gakuen RPG: Cross of Venus Special,19,3.77,13,Easy-Just Right,44.44,35,8,8,73,DS
Destiny Links,16,3.83,6,Tough,75,14.7,3,3,50,DS
Di-Gata Defenders,35,1.66,19,Easy,50,19.3,9,10,50,DS
Digimon World DS,866,3.82,499,Just Right,66.56,40.6,171,341,58,DS
Digimon Story: Lost Evolution,122,3.98,81,Just Right,64.71,49.7,20,31,40,DS
Digimon World: Dusk,1032,3.93,617,Just Right,69.52,46.2,190,413,59,DS
Digimon World: Dawn,1058,3.93,650,Just Right,69.03,48.4,210,425,59,DS
Digimon Story: Super Xros Wars Blue,58,3.53,34,Just Right,64.29,60,12,15,54,DS
Digimon Story: Super Xros Wars Red,52,3.9,25,Just Right-Tough,57.14,68.3,8,10,45,DS
Dinosaur King,143,3.83,83,Just Right,44.74,43.3,19,34,37,DS
Dokapon Journey,159,3.66,71,Just Right,52.78,34.3,18,32,39,DS
Dragon Ball Z: Attack of the Saiyans,625,3.96,354,Just Right,72.3,29.5,140,212,54,DS
Dragon Quest IV: Chapters of the Chosen,3185,4.09,1559,Just Right,74.41,42.7,572,1139,61,DS
Dragon Quest IX: Sentinels of the Starry Skies,6504,4.31,4094,Just Right,70.06,67.1,1577,2400,54,DS
Dragon Quest Monsters: Joker,1753,3.87,817,Just Right,62.57,48.2,235,503,50,DS
Dragon Quest Monsters: Joker 2,1121,4.12,613,Just Right,66.97,46.7,235,319,53,DS
Dragon Quest Monsters 2: Joker 2 Professional,74,3.98,49,Just Right-Tough,35.71,62.5,19,24,62,DS
Dragon Quest V: Hand of the Heavenly Bride,2922,4.31,1483,Just Right,77.85,47.7,570,972,58,DS
Dragon Quest VI: Realms of Revelation,2303,4.1,981,Just Right,72.98,54.2,369,570,51,DS
Dragon Tamer: Sound Spirit,15,3.75,8,Tough-Unforgiving,57.14,80,2,3,33,DS
Dramatic Dungeon: Sakura Taisen - Kimi Arugatame,24,3.68,11,Just Right-Tough,75,30,2,4,50,DS
Dungeon Explorer: Warriors of Ancient Arts,194,3.35,79,Just Right,55.88,22.3,20,35,37,DS
Master of the Monster Lair,257,3.67,103,Just Right,66.67,34.3,15,22,18,DS
Dungeon of Windaria,17,3.75,6,Just Right-Tough,60,35,4,4,80,DS
Egg Monster Hero,31,3.7,15,Tough-Unforgiving,44.44,48,5,6,43,DS
Element Hunter,24,3.67,12,Just Right,80,30,4,6,46,DS
Elminage DS Remix: Yami no Miko to Kamigami no Yubiwa,10,3.7,5,Tough-Unforgiving,66.67,12,1,1,33,DS
Elminage II DS Remix: Sousei no Megami to Unmei no Daichi,9,3.83,6,Just Right-Tough,40,30.3,2,2,40,DS
Lufia: Curse of the Sinistrals,671,3.57,293,Just Right,66.87,28.4,86,150,44,DS
Etrian Odyssey,1601,3.85,830,Tough,58.56,60.2,224,375,38,DS
Etrian Odyssey II: Heroes of Lagaard,1378,4.03,735,Tough,60.55,60.7,168,271,32,DS
Etrian Odyssey III: The Drowned City,1279,4.21,695,Tough,64.32,70.9,222,290,39,DS
Fighting Fantasy: The Warlock of Firetop Mountain,109,3.88,52,Just Right-Tough,47.62,35.2,12,21,37,DS
Final Fantasy Crystal Chronicles: Echoes of Time,1667,3.84,783,Just Right,69.78,34.4,206,486,49,DS
Final Fantasy Crystal Chronicles: Ring of Fates,2220,3.66,1030,Just Right,66.37,31.1,271,693,53,DS
Final Fantasy III,7937,3.75,4332,Just Right-Tough,53.34,44.7,1109,2412,46,DS
Final Fantasy IV,6745,4.19,3794,Just Right-Tough,49.83,47.3,1042,2213,49,DS
Final Fantasy: The 4 Heroes of Light,2003,3.64,907,Just Right-Tough,52.71,44.6,224,360,32,DS
Fossil Fighters: Champions,308,4.18,202,Just Right,68.87,38,97,131,73,DS
Fossil League: Dino Tournament Championship,70,3.27,31,Easy-Just Right,52.94,32.6,10,13,45,DS
From the Abyss,328,3.16,119,Easy-Just Right,50.79,17.8,38,74,49,DS
Fushigi no Dungeon: Fuurai no Shigen 4 Plus - Kami no Hitomi to Akuma no Heso,18,3.83,9,Tough-Unforgiving,71.43,60,4,4,50,DS
Fushigi no Dungeon: Fuurai no Shiren 5 - Fortune Tower to Unmei no Dice,23,3.88,16,Tough-Unforgiving,71.43,76.1,10,11,69,DS
Mystery Dungeon: Shiren the Wanderer,396,3.89,161,Tough-Unforgiving,50.62,51.7,36,68,33,DS
Fushigi no Dungeon: Fuurai no Shigen DS 2 - Sabaku no Majou,16,3.56,9,Just Right-Tough,57.14,41.7,5,5,63,DS
Game Book DS: Aquarian Age Perpetual Period,9,4,4,Tough,75,30,2,2,40,DS
Suikoden Tierkreis,1489,3.92,830,Just Right,65.61,48.1,246,471,49,DS
Gintama Gin-Oh Quest: Gin-san ga Tenshoku shitari Sekai wo Sukuttari,15,3.69,8,Tough,33.33,30,2,4,57,DS
Glory of Heracles,650,3.62,267,Just Right,67.63,33.5,75,132,40,DS
Golden Sun: Dark Dawn,3781,3.96,2083,Easy-Just Right,55.31,37.1,804,1358,58,DS
Izuna: Legend of the Unemployed Ninja,628,3.49,275,Tough,54.41,25,56,108,30,DS
Izuna 2: The Unemployed Ninja Returns,542,3.75,199,Tough,56.84,34.4,35,74,29,DS
Harukanaru Toki no Naka de: Maihitoyo,18,3.73,11,Unforgiving,80,34.4,5,5,45,DS
Harukanaru Toki no Naka de: Yumenoukihashi,15,3.43,7,Unforgiving,60,16,2,2,29,DS
Hottarake no Shima: Kanata no Nijiiro no Kagami,10,3.42,6,Tough,75,30,2,2,50,DS
Infinite Space,844,4.08,430,Tough,55.88,66.3,125,187,38,DS
Inuyasha: Secret of the Divine Jewel,220,3.02,95,Just Right,48.57,34.4,14,37,31,DS
Iron Feather,20,3.63,8,Tough-Unforgiving,60,20,1,1,11,DS
Justice League Heroes,41,2.37,15,Just Right,66.67,8,6,8,44,DS
Juushin Enbu DS,8,3.5,6,Just Right,100,20,5,5,100,DS
Kaite Shabette Hajimeyou! Monster Farm DS,10,3.56,9,Unforgiving,66.67,40,1,2,29,DS
Spectrobes,728,3.45,322,Just Right,60.82,29.2,97,220,54,DS
Katekyoo Hitman Reborn! DS Fate of Heat,28,3.66,16,Tough,33.33,19.2,5,11,58,DS
Katekyoo Hitman Reborn! DS Fate of Heat II - Unmei no Futari,33,3.84,22,Tough,42.86,40,2,10,43,DS
Katekyoo Hitman Reborn! DS Fate of Heat III - Yuki no Shugosha Raishuu!,23,3.82,14,Just Right-Tough,71.43,24.8,5,5,36,DS
Keroro RPG: Kishi to Musha to Densetsu no Kaizoku,44,3.93,28,Just Right,60,41.4,7,12,44,DS
Kimi no Yuusha,21,3.9,10,Just Right-Tough,42.86,40,2,3,30,DS
Kingdom Hearts 358/2 Days,5802,4.01,3641,Just Right,65.45,38.7,1321,2542,62,DS
Kingdom Hearts Re:coded,2744,3.74,1516,Just Right,65.98,32.3,689,1064,63,DS
Kurikin: Nano Island Story,11,3.63,8,Tough,57.14,71.7,6,6,86,DS
Lina no Atelier: Strahl no Renkinjutsushi,28,3.79,12,Easy,33.33,50,4,6,55,DS
Lise no Atelier: Ordre no Renkinjutsushi,26,3.57,7,Easy-Just Right,50,30,2,3,33,DS
Londonian Gothics: Meikyuu no Lolita,13,3.17,6,Just Right,100,NA,NA,1,17,DS
Lost Magic,682,3.59,273,Just Right-Tough,50.39,26.1,65,163,44,DS
Lunar: Dragon Song,905,2.58,362,Just Right,50.99,37.2,63,139,30,DS
Magical Starsign,1018,3.66,412,Just Right,69.01,38.3,108,227,45,DS
Majime no Fumajime: Kaiketsu Zorori - Kyoufu no Takarabako,5,3.25,2,Tough-Unforgiving,50,20,1,1,50,DS
MapleStory DS,79,3.84,51,Easy-Just Right,50,39.3,12,23,49,DS
Mar Heaven: Boukyaku no Clavier,11,3.5,7,Just Right-Tough,60,32,5,5,83,DS
Mar Heaven: Karudea no Akuma,9,4.13,4,Just Right-Tough,50,47.5,4,4,100,DS
Mario & Luigi: Partners in Time,3965,3.86,2069,Just Right,65.23,26.9,763,1621,65,DS
Mario & Luigi: Bowser's Inside Story,4603,4.21,2605,Just Right,72.87,32.9,1040,1801,62,DS
Rhapsody: A Musical Adventure,621,3.6,249,Easy,48.25,21.9,68,151,46,DS
Marvel: Ultimate Alliance 2,79,2.87,39,Easy-Just Right,50,12.1,18,22,45,DS
Mazes of Fates DS,98,3.71,38,Just Right-Tough,50,29,9,12,26,DS
Medarot DS: Kabuto Ver.,26,3.75,20,Just Right-Tough,37.5,80,4,7,44,DS
Medarot DS: Kuwagata Ver.,21,3.65,13,Tough,33.33,68,5,6,50,DS
Mega Man Star Force 2: Zerker x Ninja,1275,4.13,837,Just Right,66.53,33.9,172,585,61,DS
Mega Man Star Force 2: Zerker x Saurian,790,4.08,460,Just Right,64.53,32.7,118,314,58,DS
Mega Man Star Force 3: Black Ace,1266,4.35,912,Just Right,69.89,37.7,265,639,66,DS
Mega Man Star Force 3: Red Joker,656,4.32,391,Just Right,64.19,38.9,115,287,66,DS
Mega Man Star Force: Dragon,651,3.85,340,Just Right,68.45,28.1,137,296,72,DS
Mega Man Star Force: Leo,596,3.97,300,Just Right,67.08,34.4,117,270,72,DS
Mega Man Star Force: Pegasus,692,3.92,373,Just Right,66.84,30.4,146,339,75,DS
Metal Max 2 Reloaded,33,3.96,23,Tough-Unforgiving,61.11,71.1,10,10,53,DS
Metal Max 3,41,3.92,30,Tough-Unforgiving,50,74.5,11,12,52,DS
Metal Saga: Hagane no Kisetsu,27,3.31,18,Tough-Unforgiving,64.29,65,6,7,39,DS
Might & Magic: Clash of Heroes,474,3.99,222,Just Right-Tough,64.52,32.6,75,135,51,DS
Monster Racers,91,3.89,61,Just Right,70.97,33.1,21,32,51,DS
Monster Rancher DS,319,3.7,191,Just Right,59.14,42.6,33,61,30,DS
Monster Lab,43,3.47,17,Easy-Just Right,66.67,37.3,3,7,37,DS
Monster Hayhem: Build and Battle,11,3.33,9,Easy,50,14.9,7,7,88,DS
Super Robot Taisen OG Saga: Endless Frontier,803,4.03,428,Just Right,71.05,41.5,118,245,48,DS
"My World, My Way",236,3.57,115,Just Right,59.32,30.4,31,52,36,DS
Naruto RPG 2: Chidori vs. Rasengan,48,3.67,24,Just Right,75,27.4,15,18,62,DS
Naruto: Path of the Ninja 2,392,3.91,245,Just Right,61.9,28.2,87,187,70,DS
Naruto: Path of the Ninja,382,3.57,183,Just Right,64.21,23.6,79,159,69,DS
Net Ghost Pipopa: Pipopa DS @ Daibouken!!!,6,2.5,3,Easy-Just Right,66.7,30,2,2,67,DS
Ni no Kuni: Shikkoku no Madoushi,134,3.93,57,Just Right,81.25,55.3,19,21,37,DS
Nora to Toki no Koubou: Kiri no Mori no Majo,28,3.88,20,Tough,38.46,17.4,6,8,42,DS
Nostalgia,744,3.75,356,Just Right,59.06,38,85,173,40,DS
Oni Zero: Sengoku Ransei Hyakkaryouran,20,3.82,11,Tough,42.86,40,4,4,44,DS
Orcs & Elves,363,3.44,139,Just Right,56.06,13.6,45,85,52,DS
Original Story from Fairy Tail: Gekitotsu! Kardia Daiseidou,24,3.62,17,Easy-Just Right,50,8.6,13,16,89,DS
Percy Jackson and the Olympians: The Lightning Thief,35,3.71,19,Easy-Just Right,53.85,15.2,10,16,64,DS
Phantasy Star Zero,1098,3.97,607,Just Right,66.96,46.3,134,317,44,DS
Pokemon Black Version,11205,4.2,6610,Just Right,65.77,51.6,3349,5091,71,DS
Pokemon Black Version 2,6716,4.26,3747,Just Right,68.9,54.3,1882,2728,74,DS
Pokemon Diamond Version,14296,4.13,8548,Just Right,66.09,55.4,2836,7547,76,DS
Pokemon Pearl Version,9211,4.09,4908,Just Right,68.21,54.9,1783,4347,74,DS
Pokemon HeartGold Version,10169,4.39,5941,Just Right,68.09,57.9,2732,4543,70,DS
Pokemon Platinum Version,13139,4.3,7776,Just Right,68.53,54.5,3138,6185,70,DS
Pokemon SoulSilver Version,10540,4.41,5999,Just Right,71.19,56.7,2744,4590,69,DS
Pokemon White Version,8927,4.2,4970,Just Right,67.03,51.7,2655,4123,73,DS
Pokemon White Version 2,4988,4.26,2489,Just Right,70.62,56.7,1360,2005,73,DS
Pokemon Mystery Dungeon: Blue Rescue Team,4134,3.86,2091,Just Right,58.46,45.1,822,1744,69,DS
Pokemon Mystery Dungeon: Explorers of Sky,3439,4.31,1988,Just Right,63.37,52.9,915,1512,69,DS
Pokemon Mystery Dungeon: Explorers of Time,3414,4.11,1807,Just Right,60.14,47.7,655,1458,67,DS
Pokemon Mystery Dungeon: Explorers of Darkness,3002,4.08,1616,Just Right,57.96,46,570,1245,64,DS
Pokemon Ranger,3784,3.51,1763,Just Right,49.36,27.1,738,1543,69,DS
Pokemon Ranger: Shadows of Almia,2768,3.9,1373,Just Right,60.82,32.6,585,1188,70,DS
Pokemon Ranger: Guardian Signs,1983,3.86,951,Just Right,61.7,32.3,477,855,72,DS
Radiant Historia,2239,4.29,1238,Just Right,73.95,44.4,473,704,53,DS
Ragnarok DS,623,3.82,381,Just Right,57.5,36.1,62,164,38,DS
Red Stone DS: Akaki Ishi ni Michibikireshi Monotachi,11,2.92,6,Tough,40,16,2,2,40,DS
Remyuouru no Renkinjutsushi,11,3.57,7,Just Right-Tough,60,28,5,5,83,DS
The Wizard of Oz: Beyond the Yellow Brick Road,151,3.82,59,Just Right,57.14,22.3,14,26,39,DS
Rockman.EXE Operate Shooting Star,119,3.77,83,Just Right,46.67,29.6,16,39,45,DS
RPG Tsukuru DS,11,3.78,9,Just Right-Tough,25,80,3,4,50,DS
RPG Tsukuru DS+: Create the New World,12,3.75,8,Just Right,80,50,5,5,83,DS
Rune Factory 2: A Fantasy Harvest Moon,1629,4.07,910,Just Right,75.26,51.3,183,362,33,DS
Rune Factory 3: A Fantasy Harvest Moon,1664,4.37,1016,Just Right,74.64,53.7,393,609,56,DS
Rune Factory: A Fantasy Harvest Moon,1903,3.87,979,Just Right,70.11,50.9,218,494,41,DS
SaGa 2: Hihou Densetsu - Goddess of Destiny,131,3.89,70,Just Right,78.38,33.5,26,31,44,DS
SaGa 3: Jikuu no Hasha - Shadow or Light,83,3.89,45,Just Right-Tough,77.27,38.5,13,13,38,DS
The Sagasou: Fushigi na Konchuu no Mori,5,3.5,1,Just Right,100,12,1,1,100,DS
Sands of Destruction,676,3.74,361,Just Right,59.54,34.9,111,224,53,DS
Shin Megami Tensei: Strange Journey,2002,3.77,1172,Tough,61.94,62.6,326,459,41,DS
Shounen Sunday & Shounen Magazine: White Comic,14,3.88,8,Just Right-Tough,40,30.4,5,5,71,DS
Sigma Harmonics,63,3.95,39,Just Right-Tough,43.75,47.8,12,16,43,DS
Solatorobo: Red the Hunter,725,4.11,385,Easy-Just Right,50.18,28.2,175,228,58,DS
Soma Bringer,287,3.93,171,Just Right,70.15,50.2,43,80,42,DS
Sonic Chronicles: The Dark Brotherhood,1640,3.48,876,Just Right,59.12,26.7,234,514,50,DS
Soul Eater: Medusa no Inbou,47,3.9,26,Just Right,50,28.7,6,8,30,DS
Spectral Force Genesis,233,3.3,92,Just Right-Tough,45.28,22.3,31,48,47,DS
The World Ends with You,6893,4.49,4637,Just Right-Tough,61.61,44.6,1361,3440,69,DS
Summon Night: Twin Age,744,3.84,356,Easy-Just Right,56.93,30.1,87,205,44,DS
Summon Night X: Tears Crown,70,3.59,40,Just Right,76.19,38,11,19,53,DS
Super Robot Taisen OG Saga: Mugen no Frontier EXCEED,160,4.17,122,Just Right-Tough,72.92,50.5,32,58,52,DS
Sword World 2.0:  Game Book DS,6,4.13,4,Tough-Unforgiving,75,16,2,2,50,DS
Tales of Hearts,336,4.06,213,Just Right,60.78,62,62,102,47,DS
Tales of Innocence,517,3.75,314,Just Right,68.02,37.7,87,145,40,DS
Tales of the Tempest,250,2.87,120,Easy-Just Right,60,31.3,35,60,45,DS
Tamagotchi no Appare! Niji-Venture,12,3.56,9,Easy,28.57,17.3,6,6,75,DS
Tao's Adventure: Curse of the Demon Seal,184,2.81,62,Just Right-Tough,52.17,40.2,9,21,26,DS
Tengai Makyou II: Manji Maru,13,3.65,10,Tough,85.71,67.1,7,7,100,DS
Tsubasa Chronicle,20,3.9,10,Easy-Just Right,75,13.6,5,5,45,DS
Tsubasa Chronicle Vol. 2,16,3.81,8,Easy-Just Right,60,24,3,3,50,DS
Vampire Legends: Power of Three,35,1.48,24,Easy-Just Right,43.75,4.5,11,11,52,DS
A Witch's Tale,301,3.57,123,Easy-Just Right,53.19,46.8,24,48,32,DS
Witches & Vampires: The Secrets of Ashburry,16,3.44,8,Just Right,50,16,5,5,56,DS
Wizardry Asterisk: Hiiro no Fuuin,13,3.81,8,Unforgiving,83.33,56.7,3,3,50,DS
Wizardy: Boukyaku no Isan,12,3.58,6,Tough,33.33,30,2,2,33,DS
Wizardy: Seimei no Kusabi,11,3.67,6,Tough-Unforgiving,50,26,2,3,43,DS
WiZmans World,15,3.75,10,Just Right,60,12,4,4,50,DS
Xenosaga I + II,119,3.89,61,Just Right,66.67,47.3,14,30,46,DS
Ys Book I DS,59,3.45,22,Easy-Just Right,33.33,12,9,17,53,DS
Ys Book II DS,42,3.75,12,Just Right,50,30.6,7,13,65,DS
Zettai Karen Children DS: Dai-4 no Children,13,3.75,8,Just Right-Tough,42.86,23,4,4,50,DS
Zettai Onkan Otoda Master,12,3.86,7,Tough-Unforgiving,66.67,64.3,7,7,88,DS
Zoids Saga DS: Legend of Arcadia,37,4.24,23,Just Right-Tough,66.67,14.1,6,11,41,DS
Zoids: Battle Colosseum,15,3.72,9,Tough,66.67,60,2,4,36,DS
3x3 Eyes: Seima Kourinden,49,3.56,16,Tough,57.14,26,10,10,63,SNES
The 7th Saga,846,3.38,422,Tough-Unforgiving,85,45.2,114,201,42,SNES
Advanced Dungeons & Dragons: Eye of the Beholder,358,2.84,118,Tough,59.46,23.8,22,44,27,SNES
Akazukin ChaCha,29,3.2,15,Easy-Just Right,36.36,40,9,10,77,SNES
Albert Odyssey,82,3.58,24,Easy-Just Right,46.67,67.1,9,14,NA,SNES
Albert Odyssey 2: Jashin no Taidou,53,3.71,14,Tough,44.44,60.3,6,9,53,SNES
Alcahest,174,3.57,84,Just Right,74.51,15.4,31,48,NA,SNES
Ancient Magic: Bazoe! Mahou Sekai,48,3.03,20,Just Right-Tough,62.5,37.8,9,10,56,SNES
Tecmo Secret of the Stars,266,3.27,128,Just Right,32,42.2,44,77,52,SNES
Arabian Nights,85,3.5,43,Just Right,42.86,25.6,21,24,57,SNES
Arcana,388,3.33,185,Just Right,65,27.5,59,123,57,SNES
Arcus Odyssey,59,3.11,31,Tough,52.63,46.7,11,15,45,SNES
Aretha II: Ariel no Fushigi na Tabi,37,3.71,14,Just Right-Tough,38.46,60.4,10,11,73,SNES
Aretha the Super Famicom,46,3.56,17,Just Right-Tough,NA,58.7,12,13,76,SNES
Bakumatsu Korinden Oni,36,3.6,15,Just Right-Tough,46.15,30.2,9,11,61,SNES
Benkei Gaiden: Suna no Shou,43,3.84,22,Just Right-Tough,47.62,44,15,16,67,SNES
Bishoujo Senshi Sailor Moon: Another Story,292,3.89,181,Just Right,53,37.8,76,133,67,SNES
Brain Lord,494,3.56,216,Just Right-Tough,55.91,25.2,74,124,49,SNES
Brandish,198,3.38,69,Just Right,61,30.1,20,34,NA,SNES
Brandish 2,70,3.58,30,Just Right-Tough,47,51.1,11,15,54,SNES
Brandish 2 Expert,26,3.72,9,Tough,42.86,68,5,5,56,SNES
Breath of Fire,2167,3.79,1168,Just Right,11,40.3,461,882,66,SNES
Breath of Fire II,2124,4.06,1172,Just Right-Tough,64.99,44.2,410,845,64,SNES
Burai: Hachigyoku no Yuushi Densetsu,21,3.22,9,Just Right-Tough,44.44,21,4,4,44,SNES
Bushi Seiryuuden: Futari no Yuusha,19,3.38,8,Just Right,66.67,11,4,5,63,SNES
The Twisted Tales of Spike McFang,183,3.42,73,Just Right,57.14,11.7,32,46,58,SNES
Chou-Mahou Tairiku Wozz,55,3.66,29,Just Right,64.29,53.3,9,13,46,SNES
Chrono Trigger,8612,4.58,6613,Just Right,77.24,46.9,2816,4703,83,SNES
Crystal Beans: From Dungeon Explorer,43,3.53,18,Just Right,85.71,4.7,7,8,44,SNES
Cyber Knight,69,3.06,24,Just Right,88.24,13.8,9,12,41,SNES
Cyber Knight II,56,3.31,21,Just Right-Tough,63.64,15.3,6,8,35,SNES
Daikaijyuu Monogatari,41,3.6,15,Just Right,72.73,35,8,9,56,SNES
Daikaijyuu Monogatari II,21,3.61,9,Tough,71.43,20.8,5,6,75,SNES
New Horizons,301,3.98,180,Just Right-Tough,58.41,62.4,73,107,63,SNES
Dark Half,118,4.04,66,Tough,38.89,21.1,7,45,68,SNES
Dark Kingdom,34,3.57,14,Just Right-Tough,66.67,22.4,5,6,NA,SNES
Dark Law,122,4.01,85,Just Right-Tough,31.25,24.8,8,66,85,SNES
Dokapon 3-2-1,17,3.64,7,Easy-Just Right,33.33,13.8,5,5,56,SNES
Dokapon Gaiden,20,3.75,8,Easy-Just Right,NA,8.4,7,7,88,SNES
Down the World,32,3.29,12,Just Right,44.44,6,4,5,NA,SNES
Dragon Ball Z Super Gokuden: Kakusei-Hen,94,3.21,36,Just Right,76.92,18.3,15,22,49,SNES
Dragon Ball Z Super Gokuden: Totsugeki-Hen,104,3.23,46,Just Right,75.86,16.4,15,24,44,SNES
Dragon Ball Z: Super Saiya Densetsu,205,3.49,114,Just Right,72,23.5,43,83,64,SNES
Dragon Knight 4,45,3.27,11,Tough,NA,12,2,2,22,SNES
Dragon Quest III: Soshite Densetsu e...,505,4.27,267,Just Right,75.74,48.5,88,172,63,SNES
Dragon Quest V: Tenkuu no Hanayome,537,4.09,274,Just Right-Tough,21,44.2,88,165,55,SNES
Dragon Quest VI: Maboroshi no Daichi,520,4.08,236,Just Right-Tough,57.52,56.6,60,149,52,SNES
Dragon Slayer: Eiyuu Densetsu,41,3.5,10,Just Right,44.44,57.5,4,5,NA,SNES
Dragon Slayer: Eiyuu Densetsu II,35,3.36,11,Just Right-Tough,55.56,52.5,4,4,NA,SNES
Dragon View,217,3.72,105,Just Right,68.66,17.4,38,67,58,SNES
Drakkhen,438,2.64,173,Tough,59.18,17.1,45,67,32,SNES
Dual Orb,42,3.14,11,Just Right-Tough,66.67,14,2,5,38,SNES
Dual Orb II,122,3.81,67,Just Right-Tough,NA,36.4,22,56,72,SNES
Dungeon Master,148,3.27,47,Tough,NA,74.2,12,19,34,SNES
DunQuest: Majin Fuuin no Densetsu,15,3.21,7,Just Right,NA,13,4,4,67,SNES
EarthBound,5283,4.38,3370,Just Right,68.59,38.2,1275,2262,64,SNES
Eien no Filena,53,3.38,26,Just Right,62.5,10.4,10,12,55,SNES
Elfaria,49,3.33,12,Tough,36.36,16,5,5,31,SNES
Elfaria II,40,3.65,13,Just Right-Tough,NA,18.3,7,7,NA,SNES
Emerald Dragon,109,3.62,49,Easy-Just Right,NA,46.8,19,31,NA,SNES
Lufia & the Fortress of Doom,1280,3.7,600,Just Right,66.86,38.3,217,453,63,SNES
Lufia II: Rise of the Sinistrals,1755,4.3,1018,Just Right,74.3,47.3,372,773,71,SNES
Final Fantasy II,3185,4.28,1780,Just Right,66.27,43.3,788,1619,NA,SNES
Final Fantasy III,8073,4.55,6042,Just Right,71.96,54.9,2235,4939,84,SNES
Final Fantasy IV,1394,4.16,779,Just Right,68.2,39.7,360,658,76,SNES
Final Fantasy: Mystic Quest,2712,3.38,1427,Easy,52.21,21.9,621,1234,73,SNES
Final Fantasy V,1716,4.09,1022,Just Right,71.33,47.6,417,789,NA,SNES
Front Mission: Gun Hazard,342,4.14,211,Just Right,77.22,34.7,46,149,67,SNES
Fushigi no Dungeon 2: Fuurai no Shiren,83,3.85,33,Tough,56.52,68.3,6,14,38,SNES
G-O-D: Mezame yoto Yobu Koe ga Kikoe,41,3.26,19,Just Right,46.15,26.9,9,10,53,SNES
Gaia Saver,29,2.75,12,Just Right-Tough,NA,16,6,8,NA,SNES
Super Chinese World 2,27,3.05,11,Just Right-Tough,57.14,9,6,6,55,SNES
Ganpuru: Gunman's Proof,109,4.05,74,Easy-Just Right,46.43,6.1,16,58,76,SNES
GD Leen,33,3.42,13,Just Right-Tough,63.64,51.1,10,11,85,SNES
Gegege no Kitarou,30,3.07,15,Just Right-Tough,58.33,11.1,7,8,53,SNES
Gokinjo Boukentai,20,3.36,7,Easy-Just Right,NA,12,4,4,67,SNES
"Hanjuku Eiyuu: Aa, Sekaiyo Hanjukunare...!!",45,3.42,12,Tough,NA,4.9,5,6,43,SNES
Haou Taikei Ryuu Knight: Lord of Paladin,24,3.28,9,Just Right,57.14,14.5,4,4,NA,SNES
Heracles no Eikou III: Kamigami no Chinmoku,57,3.5,26,Just Right-Tough,62.5,20.8,10,15,63,SNES
Heracles no Eikou IV: Kamigami-kara no Okurimono,44,3.66,16,Just Right,54.55,17,8,9,64,SNES
Hero Senki,28,3.78,16,Tough,45.45,56.3,8,10,71,SNES
Hi no Ouji: Yamato Takeru,15,4.25,4,Tough-Unforgiving,NA,40,2,2,NA,SNES
Hiouden: Mamonotachi to no Chikai,30,3.38,8,Just Right,66.67,13.3,3,3,27,SNES
Hokuto no Ken 5,21,2.5,7,Just Right-Tough,66.67,12,1,2,29,SNES
Holy Umbrella: Dondera no Mubou!!,47,3.69,27,Just Right,43.75,10.8,10,15,NA,SNES
Horai Gakuen no Bouken!,47,3.82,22,Easy-Just Right,42.86,27.6,10,13,62,SNES
Idea no Hi,25,3.54,14,Just Right-Tough,55.56,37,6,9,69,SNES
Inindo: Way of the Ninja,200,3.38,87,Tough,52.63,49.9,29,41,NA,SNES
J.R.R. Tolkien's The Lord of the Rings: Volume 1,262,2.38,111,Tough,49,16.2,22,39,29,SNES
JoJo no Kimyou na Bouken,43,3.32,22,Just Right-Tough,56.25,24.4,11,12,63,SNES
Neugier: Umi to Kaze no Koudou,50,3.14,21,Just Right-Tough,NA,13.6,9,16,NA,SNES
Jungle Wars 2,26,3,8,Just Right-Tough,NA,17.3,3,4,NA,SNES
Kabuki Rocks,33,3.04,13,Just Right-Tough,NA,9.9,7,7,NA,SNES
Kenyuu Densetsu Yaiba,24,3.4,10,Tough,55.56,14,6,7,NA,SNES
Kero Kero Keroppi no Bouken Nikki,15,3.75,4,Easy,NA,7,2,3,NA,SNES
Kessen! Dokapon Okukoku IV: Densetsu no Yuusha Tachi,17,3.67,6,Just Right-Tough,66.67,11,4,4,57,SNES
Kidou Keisatsu Patlabor,27,3.31,8,Just Right,NA,6,3,3,38,SNES
Kishin Korinden Oni,28,3.56,9,Just Right,57.14,11.4,5,6,75,SNES
Kouryu Densetsu Villgust,52,3,18,Just Right,77.78,24.3,8,14,64,SNES
Kuusou Kagaku Sekai: Gulliver Boy,32,3,15,Just Right,NA,17.3,8,13,76,SNES
Lady Stalker,75,3.67,21,Just Right,73.33,23.3,6,9,32,SNES
Lagoon,511,3.11,222,Just Right-Tough,55.45,22.2,64,131,51,SNES
Laplace no Ma,38,3.44,18,Just Right-Tough,58.33,15.1,9,11,69,SNES
The Last Battle,30,3.73,11,Just Right-Tough,37.5,50,5,6,55,SNES
Last Bible III,69,2.48,27,Easy-Just Right,NA,25.1,9,10,42,SNES
Lennus II: Fuuin no Shito,74,3.89,36,Just Right,75,57.5,8,20,54,SNES
Paladin's Quest,387,3.37,162,Just Right-Tough,63.53,37.3,45,87,46,SNES
Light Fantasy,34,3.2,10,Just Right,NA,37.1,7,7,64,SNES
Light Fantasy 2,26,3.63,8,Just Right-Tough,42.86,38,5,5,63,SNES
Lodoss Tou Senki,62,3.53,18,Tough-Unforgiving,NA,40,8,8,NA,SNES
Shinseiki Odysselya,26,2.95,10,Just Right-Tough,NA,40,5,6,NA,SNES
Love Quest,23,2.9,5,Just Right-Tough,NA,4.7,3,3,NA,SNES
Madara Saga,20,3.63,8,Just Right,33.33,23,4,4,NA,SNES
Madou Monogatari: Hanamaru Daiyouchi Enji,58,3.57,27,Easy-Just Right,46.67,20.2,10,16,52,SNES
Magna Braban: Henreki no Yusha,41,3.15,17,Easy-Just Right,41.67,16.9,9,12,NA,SNES
Mahou Kishi Rayearth,171,3.34,86,Easy-Just Right,44.44,13.9,28,72,65,SNES
Mahoujin GuruGuru,27,3.21,7,Just Right,NA,16,2,3,38,SNES
Mahoujin GuruGuru 2,22,3.25,6,Tough,66.67,30,2,3,43,SNES
Maka Maka,32,2.74,17,Just Right-Tough,NA,15,4,6,38,SNES
Maten Densetsu: Senritsu no Ooparts,22,3.79,7,Just Right,71.43,30,2,3,38,SNES
Metal Max 2,51,3.48,23,Tough,36.84,40.2,10,11,44,SNES
Metal Max Returns,111,4.02,63,Just Right-Tough,57.14,44.9,21,31,51,SNES
Might and Magic II,53,2.96,13,Just Right-Tough,NA,70,3,5,28,SNES
Might and Magic III: Isles of Terra,109,3.28,34,Tough,NA,64,5,14,34,SNES
Might and Magic: Book II,22,3.5,6,Just Right-Tough,NA,51,2,2,29,SNES
Milandra,20,3.38,4,Just Right,NA,24,3,3,NA,SNES
Monstania,75,3.29,33,Easy-Just Right,NA,7.5,18,29,71,SNES
Monster Maker III: Hikari no Majutsushi,22,3.61,9,Tough,42.86,14.7,3,4,44,SNES
Mouryou Senki Madara 2,33,3.54,12,Just Right,66.67,30,4,4,31,SNES
Mystic Ark,154,3.88,73,Just Right-Tough,66.67,34.2,22,31,41,SNES
Nekketsu Tairiku: Burning Heroes,55,3.62,25,Just Right,61.54,51.3,8,10,NA,SNES
Obitus,74,2.09,35,Tough,35,8,7,7,23,SNES
Popful Mail,77,3.81,29,Just Right,56.25,22,8,11,31,SNES
Princess Minerva,43,3.59,17,Just Right,57.14,40.3,8,8,44,SNES
Ranma 1/2: Akanekodan Teki Hihou,85,3.53,35,Just Right,68,22.8,15,26,58,SNES
Rejoice: Aretha Oukoku no Kanata,17,4.33,3,Just Right-Tough,NA,NA,2,2,NA,SNES
Robotrek,500,3.79,242,Just Right,63.64,28.6,64,150,55,SNES
Rokudenashi Blues,31,3.25,12,Just Right-Tough,66.67,9,6,6,55,SNES
Romancing SaGa,212,3.63,79,Just Right-Tough,45.65,41.1,25,32,36,SNES
Romancing SaGa 2,232,3.95,97,Tough,52.38,52.9,35,42,44,SNES
Romancing SaGa 3,372,4.09,201,Tough,57.65,47.7,35,107,52,SNES
RPG Tsukuru 2,31,2.96,12,Easy-Just Right,75,80,3,3,21,SNES
RPG Tsukuru: Super Dante,36,3.14,11,Just Right,NA,50,3,3,23,SNES
Rudra no Hihou,257,4.06,148,Just Right-Tough,61.54,45.8,40,88,58,SNES
Ruin Arm,32,3.08,12,Tough,33.33,13.6,5,6,NA,SNES
Ryuuki Heidan Danzarb,28,3.57,7,Just Right-Tough,NA,18.4,5,6,75,SNES
Sansara Naga 2,26,3.5,11,Tough,NA,58,4,4,NA,SNES
SD Gundam Gaiden 2,21,3.17,3,Tough,100,40,1,1,33,SNES
Secret of Evermore,2161,3.99,1146,Just Right,67.89,35.2,399,813,62,SNES
Secret of Mana,4479,4.25,2566,Just Right,72.95,42.3,993,1917,67,SNES
Seiken Densetsu 3,1384,4.33,914,Just Right,74.95,42.3,300,619,64,SNES
Shadowrun,841,4.06,451,Just Right-Tough,88,27.5,136,308,62,SNES
Shiki Eiyuuden,15,5,1,Unforgiving,100,80,1,2,67,SNES
Shin Megami Tensei,488,3.77,291,Tough,53.89,47,116,148,51,SNES
Shin Megami Tensei if...,160,3.05,87,Just Right-Tough,36.21,41,38,45,54,SNES
Shin Megami Tensei II,333,3.78,183,Just Right-Tough,49.58,42.5,70,95,51,SNES
Shin Momotarou Densetsu,21,4.13,4,Just Right-Tough,75,24,3,3,NA,SNES
Shin Seikoku: La Wares,28,3.08,6,Just Right-Tough,NA,29,4,4,NA,SNES
Shinseiki Odysselya 2,27,3.75,12,Just Right-Tough,55.56,45.7,7,8,62,SNES
Shodai Nekketsu Kouha Kunio-Kun,56,3.74,27,Tough,35.71,20.4,5,9,NA,SNES
Silva Saga II: The Legend of Light and Darkness,54,3.72,18,Just Right,76.47,50.2,12,12,63,SNES
Slayers,102,3.23,45,Tough,45.45,34.6,13,19,35,SNES
Solid Runner,89,4.08,76,Just Right,83.33,30,2,65,93,SNES
Song Master,24,3.36,7,Just Right-Tough,66.67,12,2,2,29,SNES
Soul & Sword,35,3.33,9,Just Right,83.33,42.8,5,8,89,SNES
Soul Blazer,1140,3.94,636,Just Right,75.83,19.2,270,535,76,SNES
Star Ocean,781,4.05,447,Just Right,75.36,33.5,120,273,54,SNES
Super Ninja Boy,198,3.32,85,Just Right-Tough,54.17,18.5,27,43,49,SNES
Super Chinese World 3,21,2.93,7,Tough,NA,26.7,3,3,NA,SNES
Uncharted Waters,164,3.7,66,Just Right-Tough,63.16,57.6,21,35,47,SNES
Super Mario RPG: Legend of the Seven Stars,7680,4.46,4830,Just Right,68.24,34.5,1663,3604,71,SNES
Sword World SFC,31,3.41,11,Tough,55.56,44.3,7,7,64,SNES
Sword World SFC 2,26,3.68,11,Tough,NA,45,6,6,NA,SNES
Taikou Risshiden,15,3,5,Tough,66.67,20,2,2,NA,SNES
Tales of Phantasia,875,4.23,562,Just Right-Tough,66.67,47.5,193,392,64,SNES
Terranigma,1332,4.35,878,Just Right,78.54,33.7,325,613,67,SNES
Tengai Makyou Zero,91,3.76,31,Just Right,55.56,36.8,12,18,49,SNES
Tenshi no Uta,28,3.3,10,Just Right,62.5,20,6,6,67,SNES
Torneko no Daibouken: Fushigi no Dungeon,79,3.57,29,Just Right-Tough,35.29,28.8,8,14,41,SNES
Tottemo! Lucky Man: Lucky Cookie Roulette de Totsugeki,10,1.75,2,Just Right,100,8,1,2,100,SNES
Traverse: Starlight & Prairie,21,3.21,7,NA,NA,NA,NA,2,33,SNES
Trinea,23,3.21,7,Just Right-Tough,50,4,1,3,38,SNES
Ultima: Runes of Virtue II,116,3.02,33,Just Right-Tough,57.89,28.2,9,12,34,SNES
Ultima: The False Prophet,166,3.48,43,Just Right-Tough,59.26,49.2,12,18,33,SNES
Ultima: The Black Gate,122,3.14,28,Just Right-Tough,57.14,42.8,8,17,43,SNES
Ultima: Kyouryuu Teikoku - The Savage Empire,22,3.17,3,Just Right,100,20,1,2,29,SNES
Verne World,20,3.4,10,Just Right-Tough,42.86,25,4,6,NA,SNES
Wizap!: Ankoku no Ou,14,2.33,3,Tough,100,12,1,1,50,SNES
Wizardry Gaiden IV: Throb of the Demon's Heart,41,3.79,17,Tough-Unforgiving,58.33,73.3,6,9,56,SNES
Wizardry V: Heart of the Maelstrom,227,3.55,78,Tough,55.32,59.9,17,28,29,SNES
Wizardry VI: Bane of the Cosmic Forge,43,3.64,11,Tough-Unforgiving,NA,70,3,4,36,SNES
Wonder Project J,141,4.04,66,Just Right,71,14.5,16,44,63,SNES
Wondrous Magic,17,2.33,3,Just Right,100,20,1,1,33,SNES
Xak: The Art of Visual Stage,25,3.36,7,Just Right-Tough,25,32.5,4,4,NA,SNES
Ys III: Wanderers from Ys,570,3.4,244,Just Right-Tough,48.99,19.2,93,189,63,SNES
Ys IV: Mask of the Sun,167,3.56,75,Just Right-Tough,65.31,20,26,56,61,SNES
Ys V Expert,48,3.4,15,Easy-Just Right,45.45,24.6,7,7,39,SNES
Ys V: Ushinawareta Suna no Miyako Kefin,126,3.46,62,Easy,46,13.4,33,49,69,SNES
Yume Maboroshi no Gotoku,27,1.5,15,Tough,45.45,14.7,3,4,25,SNES
Yume Meikyuu: Kigurumi Daibouken,21,2.86,7,Just Right-Tough,66.67,NA,2,3,38,SNES
Rhapsody: A Musical Adventure,568,3.7,245,Easy,46.15,33.6,88,176,59,PSX
Monkey Hero,121,3.58,43,Just Right,77.8,16.5,12,17,35,PSX
The Airs,16,3.96,12,Easy-Just Right,70,64.7,9,9,75,PSX
Castlevania: Symphony of the Night,6245,4.6,4438,Just Right,67.18,33.5,1963,3257,82,PSX
Alnam no Kiba: Juuzoku Juuni Shinto Densetsu,11,2.83,3,Just Right-Tough,50,1,1,1,33,PSX
Alnam no Tsubasa: Shoujin no Sora no Kanata e,21,2.86,7,Just Right-Tough,33.33,30,4,5,56,PSX
Alundra 2,970,3.37,366,Just Right-Tough,64.68,32.8,105,201,43,PSX
Ancient Roman: Power of Dark  Side,8,2,2,Just Right,100,1,1,1,33,PSX
Angelique: Tenkuu no Requiem,14,3.83,9,Just Right-Tough,42.86,39,6,6,75,PSX
Asuncia: Matsue no Jubaku,19,2,9,Just Right,50,11.2,5,5,56,PSX
Azure Dreams,833,3.81,413,Just Right-Tough,54.98,50.5,120,228,50,PSX
Bardysh: Kromeford no Juunin,8,3.5,1,Just Right,100,30,2,2,100,PSX
Baroque,32,3.88,12,Tough,70,50,5,6,46,PSX
Baroque Syndrome,12,3.8,5,Just Right-Tough,50,73.3,3,3,60,PSX
Bastard!! Utsuro Naru Kamigami no Utsuwa,34,3.64,18,Tough,46.67,46.7,11,12,63,PSX
Battle Konchuuden,6,NA,NA,Just Right,100,40,1,1,100,PSX
Bealphareth,18,3.32,11,Just Right,63.64,24.6,7,8,67,PSX
Beyond the Beyond,587,3.28,281,Tough,58.82,54.2,85,157,49,PSX
Blade Arts,14,3.58,6,Just Right-Tough,83.33,40,2,3,50,PSX
Blaze & Blade Busters,16,3.71,7,Just Right-Tough,57.14,24,3,3,33,PSX
Blaze & Blade: Eternal Quest,119,3.11,70,Just Right-Tough,46.15,52.1,19,34,46,PSX
Blend X Brand,6,NA,NA,Just Right,100,20,1,1,100,PSX
Blue Breaker: Egao no Yakusoku,26,3.61,14,Just Right-Tough,71.43,59,10,10,71,PSX
Blue Forest Story: Kaze no Fuuin,23,3.88,8,Easy-Just Right,33.33,71.3,8,9,90,PSX
Boundary Gate: Daughter of Kingdom,15,3.61,9,Just Right,50,64.7,9,10,100,PSX
Bounty Sword First,38,2.83,27,Just Right,66.67,26.3,18,18,62,PSX
Bounty Sword: Double Edge,27,2.21,17,Just Right,57.14,23.7,11,11,58,PSX
Brave Fencer Musashi,1505,4.05,712,Just Right,72.33,33.5,239,479,55,PSX
Brave Prove,28,2.54,13,Unforgiving,77.78,12,1,2,15,PSX
Breath of Fire III,2679,4.16,1466,Just Right,74.56,54.4,577,1102,68,PSX
Breath of Fire IV,2787,4.06,1406,Just Right,79.01,49.7,559,999,63,PSX
Brightis,23,2.16,16,Tough,45.45,10.4,5,5,36,PSX
Chocobo no Fushigi na Dungeon,64,3.74,23,Just Right,76.92,48,5,10,40,PSX
Chocobo's Dungeon 2,489,3.67,208,Just Right-Tough,58.87,41.1,67,118,45,PSX
Choro Q Wonderful!,11,3.69,8,Easy-Just Right,57.14,22.7,6,6,75,PSX
Chou Hatsumei Boy Kanipan: Hirameki Wonderland,9,3.5,2,Easy-Just Right,66.67,26,2,2,67,PSX
Chou Mashin Eiyuuden Wataru: Another Step,10,3,1,Just Right,100,4,1,1,50,PSX
Chrono Cross,6813,4.22,4036,Just Right,71.92,57.5,1660,3059,69,PSX
Chrono Trigger,1963,4.43,1065,Just Right,80.52,47.9,414,742,69,PSX
Community Pom,26,3.84,16,Just Right-Tough,42.86,48,9,10,67,PSX
Community Pom: Omoide O Dakishimete,4,4,3,Just Right,100,55,2,2,67,PSX
Crime Crackers,33,3.55,22,Tough,60,49.3,12,12,60,PSX
Crime Crackers 2,27,3.63,12,Tough,50,55.6,9,10,83,PSX
Crusaders of Might and Magic,172,2.78,62,Just Right-Tough,53.85,22.7,19,25,34,PSX
Daibouken Deluxe: Harukanaru Umi,5,4.75,2,Easy-Just Right,50,16,2,2,100,PSX
Daikoukai Jidai II,16,3.72,9,Just Right-Tough,50,67.5,8,8,80,PSX
Darkstone,452,3.32,168,Just Right-Tough,62,37.8,43,73,34,PSX
Densetsu Kemono no Ana: Monster Complete World Ver. 2,6,4.5,3,Easy-Just Right,50,30,2,2,57,PSX
Devil Summoner: Soul Hackers,78,3.16,47,Just Right-Tough,39.47,55.3,28,28,56,PSX
Tecmo's Deception: Invitation to Darkness,254,3.66,94,Just Right-Tough,45.61,30.6,24,45,45,PSX
Threads of Fate,1292,3.88,615,Just Right,68.23,30.4,250,446,60,PSX
Diablo,772,3.82,345,Just Right-Tough,52.07,43.3,138,256,61,PSX
Digimon Tamers: Pocket Culumon,35,2.17,21,Easy-Just Right,42.86,14.3,7,10,43,PSX
Digimon World,1812,3.9,1143,Just Right-Tough,51.46,50.8,374,647,52,PSX
Digimon World 2,1009,3.74,607,Just Right-Tough,61.62,62.6,190,311,46,PSX
Digimon World 3,1474,3.89,945,Just Right-Tough,62.12,65,301,476,47,PSX
Doki Doki Poyacchio,18,3.08,12,Tough,40,20.8,5,5,45,PSX
Doraemon 3: Makai no Dungeon,10,4.5,3,Just Right,100,26,2,2,67,PSX
Dragon Drive,14,3.42,6,Just Right,50,14,6,6,100,PSX
Dragon Knight 4,22,3.7,10,Tough,71.43,35.1,7,9,90,PSX
Dragon Knights Glorious,13,3,1,Just Right,100,NA,NA,NA,NA,PSX
Torneko: The Last Hope,176,3.76,68,Just Right-Tough,41.46,35.7,23,32,43,PSX
Dragon Quest IV,133,3.98,50,Just Right-Tough,60.71,52,20,31,57,PSX
Dragon Quest Monsters 1+2: Hoshiori no Yuusha to Bokujou no Nakamatachi,40,4.03,18,Tough,40,60,5,6,35,PSX
Dragon Warrior VII,1567,4.05,766,Just Right-Tough,55.61,80,259,433,49,PSX
Dragon Valor,314,3.59,128,Just Right,67.95,27.2,54,78,55,PSX
Druid: Yami e no Tsuisekisha,19,1.65,17,Easy-Just Right,42.86,4.8,10,10,67,PSX
The Dungeon RPG,12,3.44,8,Tough,50,68,5,5,71,PSX
Dungeon Shoutenkai: Densetsu no Ken Hajimemashita,15,3.59,11,Easy-Just Right,50,22,8,8,80,PSX
Ecsaform,15,3.5,5,Just Right-Tough,75,40,2,2,40,PSX
Eithea,31,3.68,11,Tough,66.67,46.5,8,7,47,PSX
Eldergate,18,3.17,3,Just Right,100,NA,NA,2,33,PSX
Elie no Atelier: Salberg no Renkinjutsushi 2,37,3.97,18,Just Right,50,31.6,9,11,61,PSX
End Sector,17,1.69,13,Tough-Unforgiving,50,46,5,5,38,PSX
Farland Saga: Toki no Michishirube,10,2.33,3,Just Right,100,12,1,1,50,PSX
Final Fantasy,921,3.75,431,Just Right,64.66,35.4,201,365,70,PSX
Final Fantasy II,837,3.49,333,Just Right-Tough,59.49,41.5,125,251,59,PSX
Final Fantasy IV,1313,4.03,545,Just Right,68.89,48.6,198,432,63,PSX
Final Fantasy IX,14365,4.4,9061,Just Right,78.44,64,3925,7160,73,PSX
Final Fantasy V,2099,3.99,856,Just Right,67.1,48.7,353,633,59,PSX
Final Fantasy VI,3485,4.3,1689,Just Right,74.18,56.2,658,1187,60,PSX
Final Fantasy VII,19280,4.49,13049,Just Right,71.78,68.5,5804,10861,78,PSX
Final Fantasy VIII,14843,4.16,9123,Just Right,66.41,67.5,3764,6953,69,PSX
First Queen IV: Varcia Senki,27,1.21,19,Unforgiving,71.43,25,4,4,25,PSX
G-O-D Pure: Growth or Devolution,31,2.05,22,Just Right,64.29,34.4,11,12,55,PSX
Gauntlet Legends,319,3.47,118,Just Right,63.64,37.3,42,74,51,PSX
Suikoden,3467,4.19,1965,Just Right,74.25,42,928,1711,80,PSX
Suikoden II,3881,4.54,2548,Just Right,77.13,55.6,967,1671,78,PSX
Go-Jin Senki,15,1.75,10,Tough,42.86,16,2,2,22,PSX
Grandia,2615,4.1,1327,Just Right,74.11,58,541,937,62,PSX
The Granstream Saga,490,3.23,177,Just Right,69.61,26.4,60,124,52,PSX
Groove Adventure Rave: Mikan no Hiseki,12,1.75,2,Just Right,100,NA,NA,1,33,PSX
Groove Adventure Rave: Yuukyuu no Kizuna,16,3.07,7,Just Right,100,8,1,2,29,PSX
Guardian Recall,27,3.23,15,Easy-Just Right,46.15,19.7,10,11,73,PSX
Guardian's Crusade,373,3.67,164,Easy-Just Right,60.82,41.6,64,121,61,PSX
GUNNM Martian Memory,27,3.57,14,Just Right,83.33,40,6,6,55,PSX
Hunter x Hunter: Maboroshi no Greed Island,25,2.5,9,Easy-Just Right,57.14,9.6,5,5,50,PSX
Hunter x Hunter: Ubawareta Aura Stone,20,2.5,10,Easy-Just Right,40,20,3,3,38,PSX
Inuyasha,54,3.1,31,Easy,44.44,47.2,13,18,60,PSX
Jade Cocoon: Story of the Tamamayu,761,3.58,308,Just Right,73.74,33.4,106,200,52,PSX
Kaeru no Ehon: Adventure for the Lost Memories,16,3.5,9,Easy-Just Right,85.71,62.9,7,7,88,PSX
Kaibutsu Monster Para*Dice,12,1.77,11,Just Right-Tough,37.5,16,2,2,20,PSX
Kasei Monogatari,7,2.25,2,Just Right,100,60,1,1,50,PSX
Khamrai,22,3.31,8,Tough,50,77.5,4,6,67,PSX
King's Field(Japan),60,3.66,43,Just Right-Tough,63.33,28.1,20,25,69,PSX
King's Field,374,3.77,166,Tough,58.1,39.3,71,99,56,PSX
King's Field II,311,3.9,148,Just Right-Tough,44.57,47.4,54,86,61,PSX
Koudelka,856,3.71,391,Just Right,67.7,24.7,147,259,56,PSX
Kuro no Ken: Blade of the Darkness,13,3.21,7,Just Right-Tough,40,20,1,1,20,PSX
Kuroi Hitomi no Noir: Cielgris Fantasm (Noir Yeux Noire),13,2.67,3,NA,NA,NA,NA,NA,NA,PSX
Lagnacure,18,3.5,5,Tough,50,60,1,3,60,PSX
Lagnacure Legend,11,3.33,3,Tough,33.33,60,1,1,33,PSX
Legend of Legaia,2327,4.03,1358,Just Right-Tough,67.17,53.5,534,979,67,PSX
The Legend of Dragoon,5206,4.18,3202,Just Right,70.21,59.4,1203,2193,64,PSX
The Legend of Heroes III: Shiroki Majo,12,4.5,2,Just Right,100,80,1,1,100,PSX
The Legend of Heroes IV: Akai Shizuku,12,3.5,1,Just Right,100,80,1,1,100,PSX
Legend of Mana,2493,4.07,1307,Just Right,70.81,49.7,496,958,65,PSX
Light Fantasy Gaiden: Nyanyan ga Nyan,18,3.88,12,Tough-Unforgiving,45.45,47.5,8,8,73,PSX
Linda Cube Again,23,3.69,13,Just Right-Tough,55.56,10.7,3,3,23,PSX
Little Lovers: She So Game,18,3.83,9,Easy-Just Right,50,6.3,7,9,82,PSX
Little Princess: Maru Oukoku no Ningyou Hime 2,44,3.86,22,Easy-Just Right,60,66.9,7,10,45,PSX
Lunar 2: Eternal Blue,1774,4.23,823,Just Right,73.28,52,306,673,69,PSX
Lunar: Silver Star Story Complete,2069,4.24,1039,Just Right,70.91,47.1,425,911,76,PSX
Lunatic Dawn Odyssey,16,3.75,6,Just Right-Tough,66.67,40,1,1,33,PSX
Magical Medical,20,1.84,16,Tough-Unforgiving,66.67,23,4,4,25,PSX
Mahoutsukai ni Naru Houhou,5,NA,NA,NA,NA,NA,NA,NA,NA,PSX
Marie no Atelier Plus: Salberg no Renkinjutsushi,35,4.03,16,Easy-Just Right,45.45,35.4,10,12,80,PSX
Marie no Atelier: Salburg no Renkinjutsushi,47,3.5,16,Easy-Just Right,60,67.1,7,11,61,PSX
Medarot R,16,3.75,10,Tough,50,67.6,5,5,50,PSX
Medarot R Parts Collection,14,3.6,10,Tough-Unforgiving,50,49,2,2,20,PSX
Mega Man Legends,1926,4.1,1016,Just Right,74.88,26.8,440,829,72,PSX
Mega Man Legends 2,1426,4.21,742,Just Right,74.77,29.3,293,557,68,PSX
Persona,818,3.68,359,Just Right-Tough,60.66,57,126,200,47,PSX
Meremanoid,30,1.61,19,Unforgiving,77.78,12,3,3,15,PSX
Mitsumete Knight R: Daibouken-hen,15,3.61,9,Easy-Just Right,71.43,26.4,5,5,56,PSX
Momotarou Densetsu,8,4.17,3,Just Right-Tough,50,60,1,1,33,PSX
Momotarou Matsuri: Ishikawa Rokuemon no Maki,3,NA,NA,NA,NA,NA,NA,NA,NA,PSX
Monster Collection: Kamen no Madoushi,9,3.5,1,Easy,100,8,1,1,50,PSX
Moon,37,3.89,23,Tough,61.54,52.2,9,12,63,PSX
The Mystic Dragoons,22,2.44,9,Tough-Unforgiving,62.5,8,2,2,20,PSX
Nage Libre: Rasen no Soukoku,7,3.75,2,Just Right,100,NA,NA,1,50,PSX
Nemu Lu Mayu: Sleeping Cocoon,6,3.75,2,Just Right,100,60,2,2,100,PSX
Neorude,27,1.94,17,Tough-Unforgiving,57.14,24,3,3,19,PSX
Neorude 2,25,1.61,14,Tough-Unforgiving,61.54,17.3,3,3,21,PSX
Neorude: Kizamareta Monshou,22,1.79,14,Tough-Unforgiving,50,17.3,3,3,20,PSX
Ningyo no Rakuin,10,3.75,4,Just Right,100,40,3,3,75,PSX
Oasis Road,16,3.56,9,Just Right-Tough,42.86,50,4,4,57,PSX
Omise de Tensyu,NA,NA,NA,NA,NA,NA,NA,NA,NA,PSX
One Piece: Ocean's Dream,37,2.48,20,Easy,31.58,25.1,14,14,61,PSX
One Piece: Tobidase Kaizokudan!,33,2.73,20,Tough,43.75,20.8,10,11,50,PSX
Oni Zero: Fukkatsu,19,3.5,1,Tough,100,NA,NA,NA,NA,PSX
Ore no Shikabane o Koete Yuke,29,3.79,17,Just Right-Tough,69.23,51.1,11,12,75,PSX
Ouji-sama LV1,5,NA,NA,NA,NA,NA,NA,NA,NA,PSX
Oukyuu no Hihou: Tenshon,5,NA,NA,NA,NA,NA,NA,NA,NA,PSX
Out Live: Be Eliminate Yesterday,2,NA,NA,NA,NA,NA,NA,NA,NA,PSX
Pachi Pachi Saga,2,NA,NA,NA,NA,NA,NA,NA,NA,PSX
PAL: Shinken Densetsu,23,2.47,17,Tough,38.46,52,5,5,31,PSX
Pangaea,6,3.75,2,Just Right,100,50,2,2,67,PSX
Parasite Eve,3743,4.11,2026,Just Right-Tough,64.31,31.8,875,1504,67,PSX
Parasite Eve II,2604,4.02,1242,Just Right-Tough,60.94,29.7,482,807,60,PSX
Persona 2: Eternal Punishment,1462,3.84,644,Just Right-Tough,55.44,60.9,209,308,45,PSX
Persona 2: Tsumi - Innocent Sin,528,3.65,304,Just Right,52.82,48.3,90,150,54,PSX
Planet Laika,19,3.77,11,Tough,33.33,50,5,5,71,PSX
Pocket Digimon World,14,3.69,8,Just Right,87.5,16,4,4,50,PSX
Pocket Digimon World: Cool & Nature Battle Disc,8,3.67,3,Just Right,100,20,1,1,50,PSX
Pocket Digimon World: Wind Battle Disc,10,2.5,5,Tough,50,NA,NA,NA,NA,PSX
Pocket Dungeon,6,NA,NA,NA,NA,NA,NA,NA,NA,PSX
PoPoLoCrois Monogatari,44,3.76,19,Tough,41.67,47.7,7,13,59,PSX
PoPoLoCrois Monogatari II,35,3.85,17,Just Right-Tough,28.57,66.7,3,9,60,PSX
PoPoRoGue,28,3.6,10,Tough-Unforgiving,50,28.5,4,4,36,PSX
Prisoner,7,4.5,1,Tough,100,40,1,1,100,PSX
Purumui Purumui,23,3.44,8,Just Right-Tough,42.86,8.8,5,5,71,PSX
Riot Stars,8,3.33,3,Just Right-Tough,66.67,40,1,1,25,PSX
RPG Maker,559,3.39,201,Just Right,54.37,66.7,37,57,21,PSX
RPG Tsukuru 4,13,3.71,7,Just Right-Tough,60,45.8,5,5,83,PSX
Rubbish Blazon,16,3.25,6,Just Right-Tough,50,26.7,3,3,43,PSX
Rune no Joka: Hikaru to Yamo no Sei-oujo,6,NA,NA,NA,NA,NA,NA,NA,NA,PSX
Rurouni Kenshin: Meiji Kenkaku Romantan - Juuyuushi Inbou Hen,44,3.69,21,Easy-Just Right,64.71,45.2,10,14,67,PSX
Ryuki Densyo: Dragoon,26,3.63,16,Easy-Just Right,53.33,30,14,15,94,PSX
SaGa Frontier,1429,3.81,716,Tough,54.07,67.4,246,426,51,PSX
SaGa Frontier 2,1185,3.57,513,Tough,59.09,49.9,123,225,37,PSX
Satomi no Nazo,32,1.54,23,Tough-Unforgiving,61.9,50,7,7,32,PSX
Seikai no Monshou,8,4.25,2,Just Right,100,NA,NA,NA,NA,PSX
Seikoku 1092: Souheiden,7,NA,NA,NA,NA,NA,NA,NA,NA,PSX
Seirei Shoukan: Princess of Darkness,11,3,1,Just Right,100,60,1,1,100,PSX
Senkai Taisen: TV Animation Senkaiden Fuukami Engiyori,12,3.5,2,Just Right,100,NA,NA,NA,NA,PSX
Shachou Eiyuuden: The Eagle Shooting Heroes,16,4,9,Just Right,100,26.4,5,5,63,PSX
Shadow Madness,342,3.14,145,Easy-Just Right,40,42.4,45,79,44,PSX
Shadow Tower,189,3.86,67,Tough,38.3,32.7,30,40,54,PSX
Shin Megami Tensei,93,3.12,59,Tough,39.13,48,35,40,69,PSX
Shin Megami Tensei if,97,2.79,64,Just Right-Tough,44.9,53.2,30,35,54,PSX
Shin Megami Tensei II,94,3.41,62,Tough,37.74,59.2,35,41,67,PSX
Shin Megami Tensei: Devil Children,68,2.09,49,Just Right,32.5,39.7,25,28,58,PSX
Shinsetsu Samurai Spirits: Bushidou Retsuden,32,3.92,18,Tough,42.86,25.5,9,9,53,PSX
Silent Mobius: Genei no Datenshi,13,3.5,2,Just Right,100,40,1,1,50,PSX
The Tozan RPG,14,2.44,9,Tough,42.86,35,4,4,40,PSX
Simulation RPG Tsukuru,3,NA,NA,NA,NA,NA,NA,NA,NA,PSX
Slayers Wonderful,41,1.64,25,Tough-Unforgiving,72.22,50,5,6,23,PSX
Solid Link: Dungeon Side,5,NA,NA,NA,NA,NA,NA,NA,NA,PSX
Solid Link: Tower Side,6,NA,NA,NA,NA,NA,NA,NA,NA,PSX
Sonata,17,3.92,6,Just Right,83.33,34.4,5,5,83,PSX
Spectral Blade,20,3.6,5,Just Right,50,56.7,3,3,43,PSX
Spectral Tower,21,3.06,8,Just Right-Tough,42.86,62.5,4,4,50,PSX
Spectral Tower II,17,3.67,6,Just Right-Tough,50,42.4,5,5,83,PSX
Star Ocean: The Second Story,2398,4.26,1350,Just Right-Tough,63.06,67.6,507,1011,67,PSX
Startling Odyssey 1: Blue Evolution,16,2.71,7,Just Right,40,11.2,5,5,100,PSX
Suna no Embrace: Eden no Sato no Never,10,5,NA,NA,NA,NA,NA,NA,NA,PSX
Super Hero Sakusen,16,3.58,6,Just Right,100,50,2,4,57,PSX
Super Hero Sakusen: Daidaru no Yabou,12,2.88,4,Easy,33.33,50,2,3,60,PSX
Suzu Monogatari,5,3.5,1,Just Right,100,60,1,1,100,PSX
Tales of Destiny,1300,3.92,662,Just Right,69.12,52.8,276,511,66,PSX
Tales of Destiny II,1090,4.09,565,Just Right,74.07,56.5,215,435,67,PSX
Tales of Phantasia,458,4.16,275,Just Right,72.38,52.9,128,189,67,PSX
Tasogare no Ode: Ode to the Sunset Era,31,1.35,23,Tough-Unforgiving,72.22,32,7,7,32,PSX
Tenshi Doumei,8,4,1,Just Right,100,NA,NA,NA,NA,PSX
Thousand Arms,738,3.68,311,Just Right,68.45,42.8,114,223,59,PSX
Tilk: Ano Umi kara Kita Shoujo,12,3.67,3,Just Right,100,60,1,1,25,PSX
Tokoro-san no Daifugou,2,NA,NA,NA,NA,NA,NA,NA,NA,PSX
Tokyo Dungeon,18,3.35,10,Tough,77.78,34.3,7,7,70,PSX
Tokyo Mew Mew,18,3.3,10,Easy,42.86,31.6,5,6,67,PSX
Treasure Gear,20,3.44,9,Tough,70,40,7,7,70,PSX
TwinBee RPG,28,3.83,12,Just Right-Tough,50,50.3,6,9,64,PSX
Ultima Underworld: The Stygian Abyss,11,3.17,9,Tough-Unforgiving,50,7,2,4,57,PSX
Vagrant Story,3249,4.12,1570,Tough,62.58,47.8,493,853,46,PSX
Valkyrie Profile,1622,4.34,894,Just Right-Tough,60.59,52.5,339,665,66,PSX
Vampire: Kyuuketsuki Densetsu,12,3.58,6,Tough,50,70,3,4,80,PSX
Velldeselba Senki: Tsubasa no Kunshou,15,4.13,4,Just Right,100,20,1,1,25,PSX
WakuPuyo Dungeon Ketteiban,7,NA,NA,NA,NA,NA,NA,NA,NA,PSX
Weltorv Estleia,7,4.25,2,Just Right,100,NA,NA,NA,NA,PSX
White Diamond,14,3.64,7,Just Right-Tough,60,26,2,3,50,PSX
Wild Arms,2803,4,1411,Just Right,76.89,47.8,544,959,60,PSX
Wild Arms 2,2015,3.97,910,Just Right,75.42,54.3,339,641,60,PSX
Wizardry Empire II: Oujo no Isan - Legacy of the Princess,6,NA,NA,NA,NA,NA,NA,NA,NA,PSX
Wizardry Empire: Inishie no Oujo,6,NA,NA,NA,NA,NA,NA,NA,NA,PSX
Wizardy VII: Gadeia no Houshu,14,3.83,9,Tough,50,48,5,5,63,PSX
Wizardy: Dimguil,13,3.21,7,Tough,75,36.7,3,4,80,PSX
Wolkenkratzer: Shinpan no Tou,6,NA,NA,NA,NA,NA,NA,NA,NA,PSX
Xenogears,4803,4.4,2922,Just Right,67.69,69.4,1212,2043,65,PSX
Yakata: Nightmare Project,21,3.42,12,Tough,54.55,62,5,5,45,PSX
Yu-Gi-Oh! Monster Capsule Breed & Battle,36,3.34,19,Just Right-Tough,41.18,26.2,9,11,55,PSX
Yuukyuu no Eden,14,3.21,7,Just Right-Tough,42.86,23,4,4,57,PSX
Zia & the Goddesses of Magic,NA,NA,NA,NA,NA,NA,NA,NA,NA,PSX
Zill O'll,38,3.85,20,Just Right-Tough,56.25,63.8,13,13,68,PSX
Zoids 2: Herikku Kyouwakoku VS Gairosu Teikoku,11,2,2,Tough,100,8,1,1,50,PSX
Zoids Battle Card Game: Seihou Tairiku Senki,8,2.75,2,Just Right,100,4,1,1,50,PSX
Zoids: Teikoku vs Kyouwakoku - Mecha Seita no Idenshi,16,4,7,Tough,60,53,4,4,67,PSX
.hack//Mutation Part 2,2235,3.87,878,Just Right,72.69,39.3,347,852,73,PS2
.hack//Fragment,171,3.81,65,Just Right-Tough,58.54,48.5,32,43,57,PS2
.hack//G.U. vol. 1//Rebirth,1946,4,1007,Just Right,77.33,42.1,408,937,83,PS2
.hack//G.U. vol. 2//Reminisce,1713,4.05,851,Just Right,78.18,44.3,357,802,84,PS2
.hack//G.U. vol. 3//Redemption,1672,4.13,847,Just Right,75,52,336,748,81,PS2
.hack//Infection Part 1,3122,3.77,1401,Just Right,68.35,37.9,531,1266,69,PS2
.hack//Outbreak Part 3,1932,3.89,719,Just Right,71.5,40.8,283,678,72,PS2
.hack//Quarantine Part 4,1681,3.97,620,Just Right,67.17,43.5,224,529,67,PS2
3-Nen B-Gumi Kinpachi Sensei: Densetsu no Kyoudan ni Tate!,19,1.96,12,Tough,37.5,14.4,5,5,45,PS2
Abarenbou Princess,27,3.25,14,Easy-Just Right,45.45,33.2,10,10,67,PS2
Angel's Feather,19,3.61,9,Easy-Just Right,62.5,9.8,8,8,89,PS2
Ar tonelico II: Melody of Metafalica,1416,4.04,706,Just Right,64.25,57.9,244,458,56,PS2
Ar tonelico: Melody of Elemia,1557,3.95,811,Easy-Just Right,59.38,51.8,317,616,66,PS2
Arc the Lad: End of Darkness,688,2.92,196,Just Right,51,41.6,54,113,44,PS2
Atelier Iris 2: The Azoth of Destiny,1340,3.92,538,Just Right,73,48,214,449,67,PS2
Atelier Iris 3: Grand Phantasm,1216,3.75,478,Just Right,73.13,47.7,162,325,56,PS2
Atelier Iris: Eternal Mana,1613,3.8,712,Just Right,77.63,46.9,251,547,62,PS2
Bakufuu Slash! Kizna Arashi,9,3.25,4,Just Right-Tough,66.67,14,2,2,NA,PS2
Baldur's Gate: Dark Alliance,1745,3.8,755,Just Right,73.56,30.7,274,704,76,PS2
Baldur's Gate: Dark Alliance II,1206,3.75,501,Just Right,69.92,36.5,171,429,71,PS2
The Bard's Tale,531,3.65,203,Just Right,64.36,30.6,54,126,NA,PS2
Baroque,474,3.35,171,Tough,59.46,52.3,35,61,28,PS2
Bleach: Hanatareshi Yabou,59,2.34,35,Easy-Just Right,36.36,11.2,20,22,55,PS2
Okage: Shadow King,787,3.71,314,Just Right,63,37.3,77,160,43,PS2
Bomberman Land 3,26,3.67,12,Easy-Just Right,NA,19.3,6,8,62,PS2
Bouken Jidai Katsugeki: Goemon,45,3.93,27,Just Right-Tough,NA,37.2,13,14,54,PS2
Bouken-Ou Beet: Darkness Century,22,3.59,11,Tough,42.86,13.6,5,8,73,PS2
Brave Story,55,3.89,27,Easy-Just Right,65.22,50,18,20,71,PS2
Breath of Fire: Dragon Quarter,1759,3.47,703,Tough,54.2,44,188,423,47,PS2
Busin 0: Wizardry Alternative Neo,24,3.64,14,Just Right-Tough,55.56,75,6,8,67,PS2
Wizardry: Tale of the Forsaken Land,340,3.69,140,Just Right-Tough,63.24,58.6,32,62,NA,PS2
Champions of Norrath,1209,3.81,533,Just Right,74.81,45.7,180,418,66,PS2
Champions: Return to Arms,929,3.85,424,Just Right,73.81,51.7,137,316,65,PS2
Mystic Heroes,174,3.31,62,Just Right,64,23,16,26,39,PS2
Code Age Commanders,40,3.5,9,Just Right,NA,40,3,5,42,PS2
Colosseum: Road to Freedom,139,3.69,67,Just Right-Tough,51.43,37.9,20,34,47,PS2
Dark Angel:  Vampire Apocalypse,170,2.63,51,Tough,44,33.7,13,14,22,PS2
Dark Cloud 2,3693,4.17,1935,Just Right,73.89,65.9,626,1151,53,PS2
Dark Cloud,3747,3.87,1837,Just Right,67.17,52,575,1179,53,PS2
Dawn of Mana,803,3.14,263,Just Right,58.54,27.8,58,116,35,PS2
Demon Bane,24,1.89,14,Tough-Unforgiving,55.56,33.3,3,4,33,PS2
Shin Megami Tensei: Devil Summoner 2: Raidou Kuzunoha vs. King Abaddon,1480,4.1,671,Just Right,61.22,59.2,178,306,42,PS2
Shin Megami Tensei: Devil Summoner - Raidou Kuzunoha vs. the Soulless Army,1727,3.96,805,Just Right-Tough,55,49.4,264,442,52,PS2
Digimon World Data Squad,446,3.47,215,Just Right,61.21,37.5,58,102,39,PS2
Digimon World 4,643,3.48,363,Just Right-Tough,52.25,54.1,87,172,43,PS2
Shin Megami Tensei: Digital Devil Saga,3111,4.17,1565,Tough,57.98,54.2,596,1018,59,PS2
Shin Megami Tensei: Digital Devil Saga 2,2496,4.18,1041,Just Right-Tough,58.43,52.5,370,643,57,PS2
Dokapon Kingdom,190,3.79,91,Just Right-Tough,47,47.4,29,49,45,PS2
Dokapon the World,31,3.27,26,Just Right-Tough,53.33,38.5,12,12,63,PS2
Drakengard 2,1050,3.43,420,Just Right,62.72,37.5,160,295,59,PS2
Drakengard,1687,3.68,777,Just Right-Tough,52.83,39.2,283,548,61,PS2
Torneko Adventures 3: Mysterious Dungeon,16,3.69,8,Just Right-Tough,NA,60,2,3,33,PS2
Dragon Quest V: Tenkuu no Hanayome,216,4.07,114,Just Right,75.76,60.9,44,63,58,PS2
Dragon Quest VIII: Journey of the Cursed King,6989,4.3,4053,Just Right-Tough,65.11,76.1,1453,2538,56,PS2
Dragon Quest: Shounen Yangus to Fushigi no Dungeon,52,3.93,30,Just Right-Tough,54.55,55.9,19,22,81,PS2
Dual Hearts,323,3.66,98,Just Right,43,25.5,24,57,44,PS2
Duel Savior Destiny,12,3.31,8,Just Right,NA,28,5,6,NA,PS2
Elminage: Yami no Miko to Kamigami no Yubiwa,10,3.42,6,Tough,NA,60,2,2,NA,PS2
Endonesia,16,3.38,12,Tough,33.33,58.6,7,8,NA,PS2
Ephemeral Fantasia,549,3.03,211,Just Right-Tough,49.47,46.4,41,79,NA,PS2
Eternal Quest,98,2.88,44,Tough,42.86,35.7,19,21,46,PS2
Eternal Ring,541,3.09,158,Just Right-Tough,51.72,33.7,50,80,NA,PS2
Evergrace,572,2.88,186,Just Right-Tough,44.9,34.3,41,66,NA,PS2
Forever Kingdom,197,2.88,61,Just Right-Tough,43.24,29.4,16,22,31,PS2
EverQuest Online Adventures,131,3.28,34,Just Right-Tough,53.85,NA,5,8,NA,PS2
EverQuest Online Adventures: Frontiers,70,3.67,27,Just Right-Tough,41.67,78.1,10,13,52,PS2
Falling Stars,59,1.9,26,Easy,56.25,25.2,9,11,38,PS2
Fallout: Brotherhood of Steel,309,2.94,123,Just Right,54.24,21.5,33,59,46,PS2
Final Fantasy X,19444,4.37,12668,Just Right,69.64,69.9,5381,10977,79,PS2
Final Fantasy X-2,11604,3.63,6331,Just Right,65.62,58.4,2163,4623,62,PS2
Final Fantasy X-2: International + Last Mission,435,4,184,Just Right,57.61,65.9,65,131,59,PS2
Final Fantasy XI,943,3.71,309,Just Right-Tough,47,78.1,65,134,32,PS2
Final Fantasy XI: Adoulin no Makyou,25,3.38,8,Easy-Just Right,25,38,3,5,71,PS2
Final Fantasy XI: Treasures of Aht Urhgan,252,3.67,64,Just Right-Tough,42.31,75.2,20,41,41,PS2
Final Fantasy XI: All in One Pack 2004,34,3.4,10,Just Right-Tough,NA,58,4,6,NA,PS2
Final Fantasy XI: Zilart no Genei,68,3.5,10,Tough,75,64,3,11,NA,PS2
Final Fantasy XI: Wings of the Goddess,226,3.67,60,Just Right-Tough,44.44,73.6,16,36,38,PS2
Final Fantasy XI: Chains of Promathia,339,3.72,96,Tough,37.14,75.4,26,56,41,PS2
Final Fantasy XI: Vana'diel Collection 2008,122,3.54,25,Tough,NA,71.2,9,19,46,PS2
Final Fantasy XI: Vana'diel Collection 2010,55,3.39,14,Tough,NA,71.4,7,11,NA,PS2
Final Fantasy XII,17252,4.05,10799,Just Right,64,75.7,3313,6825,56,PS2
Final Fantasy XII International  Zodiac Job System,787,4.16,507,Just Right,21,78.3,186,255,54,PS2
Fullmetal Alchemist 2: Curse of the Crimson Elixir,581,3.63,210,Just Right,69,22.9,65,198,68,PS2
Fullmetal Alchemist 3: Kami o Tsugu Shoujo,53,3.68,20,Just Right,88.89,21.5,8,12,NA,PS2
Fullmetal Alchemist and the Broken Angel,635,3.42,240,Just Right,68.6,20,67,185,58,PS2
Magic Pengel: The Quest for Color,220,3.66,73,Just Right,52.63,29.9,22,43,48,PS2
Gauntlet: Seven Sorrows,462,3.12,190,Easy-Just Right,59.18,13.4,62,134,59,PS2
Gegege no Kitarou: Ibun Youkai Kitan,6,2.38,4,Tough,NA,6.8,3,3,75,PS2
Suikoden III,2826,4.03,1362,Just Right,75,60.5,495,1085,69,PS2
Suikoden IV,2592,3.57,1233,Just Right,67.13,50.6,502,1012,71,PS2
Suikoden V,2751,4.21,1535,Just Right,NA,66.1,589,1201,71,PS2
GetBackers Dakkanya: Ubawareta Mugenjou,13,3.57,7,Just Right-Tough,NA,23,4,4,67,PS2
Graffiti Kingdom,195,3.68,70,Easy-Just Right,54.29,21.3,18,35,47,PS2
Grandia II,1756,3.85,770,Just Right,74,48.1,334,660,NA,PS2
Grandia III,1696,3.69,747,Just Right,67,51.1,272,528,59,PS2
Grandia Xtreme,749,3.38,267,Just Right,71.64,59.1,87,179,51,PS2
MS Saga: A New Dawn,463,3.97,219,Just Right-Tough,53,75.5,55,102,46,PS2
The Hajimete no RPG,3,4,1,Just Right,100,40,1,1,100,PS2
Harukanaru Toki no Naka de 3: Izayoiki,4,4.25,2,Tough,100,12,1,2,100,PS2
Harukanaru Toki no Naka de: Maihitoyo,17,3.56,9,Just Right,37.5,24,6,6,NA,PS2
Harukanaru Toki no Naka de: Yumenoukihashi Special,5,3.5,2,Easy-Just Right,NA,16,2,2,NA,PS2
Houshin Engi 2,21,3.88,12,Just Right-Tough,NA,50.3,6,6,43,PS2
Inuyasha: The Secret of the Cursed Mask,452,3.47,193,Just Right,64.21,36,54,140,57,PS2
Jade Cocoon 2,623,3.71,223,Just Right,71,55.4,68,130,47,PS2
Justice League Heroes,351,3.65,175,Just Right,63.64,18.2,56,126,63,PS2
"Juuni Kokuki: Kakukakutaru Oudou, Kouryoku no Uka",7,4.5,1,Easy,100,8,1,1,100,PS2
Kidou Shinsengumi: Moeyo Ken,9,2.5,1,Just Right,100,20,1,1,100,PS2
King's Field: The Ancient City,378,3.53,170,Just Right-Tough,51.69,39.8,63,94,61,PS2
Kingdom Hearts,14186,4.31,9040,Just Right,86,49.8,3531,7834,79,PS2
Kingdom Hearts II,13339,4.43,8597,Just Right,88,53.7,3436,7906,84,PS2
Kingdom Hearts Re:Chain of Memories,3744,3.81,2094,Just Right-Tough,52.75,37.7,685,1260,52,PS2
Legaia 2: Duel Saga,1293,3.75,580,Just Right,68.23,53.9,198,430,63,PS2
The Legend of Alon D'ar,162,2.32,51,Tough,37.5,34,8,12,22,PS2
Lilie no Atelier Plus: Salberg no Renkinjutsushi 3,21,3.75,8,Easy-Just Right,NA,58,5,5,71,PS2
Lilie no Atelier: Salberg no Renkinjutsushi 3,15,3.57,7,Easy,NA,67.5,4,4,NA,PS2
The Lord of the Rings: The Two Towers,1201,3.52,501,Just Right,62.2,16.5,173,389,62,PS2
The Lord of the Rings: The Third Age,918,3.63,446,Just Right,41,38.4,148,303,59,PS2
The Lord of the Rings: The Return of the King,1088,3.73,466,Just Right,65.65,18.2,160,385,68,PS2
Lunatic Dawn Tempest,16,3.5,8,Just Right,NA,41,4,4,67,PS2
The Magician's Academy,10,4,2,NA,NA,NA,NA,2,50,PS2
Magna Carta: Tears of Blood,968,3.17,369,Just Right-Tough,57,51,66,121,25,PS2
Mana Khemia 2: Fall of Alchemy,947,4.07,490,Just Right,72.45,56.4,183,318,58,PS2
Mana Khemia: Alchemists of Al-Revis,1423,4.15,707,Just Right,74,55.7,249,500,62,PS2
Marvel: Ultimate Alliance,1038,3.83,507,Just Right,72.22,28.8,182,418,69,PS2
Marvel: Ultimate Alliance 2,347,3.19,169,Just Right,63.86,20,47,97,51,PS2
Mega Man X: Command Mission,901,3.75,420,Just Right,82,39,145,287,NA,PS2
Men at Work! 3,21,3.34,16,Just Right,78.57,28.5,15,15,94,PS2
Metal Saga,442,3.65,179,Just Right-Tough,66.36,56.6,63,83,41,PS2
Might and Magic: Day of the Destroyer,17,3.42,6,Just Right-Tough,NA,36.4,5,5,83,PS2
Monster Hunter,835,4.07,447,Tough,63.24,74.1,104,217,45,PS2
Monster Hunter 2,221,4.18,137,Tough,51.39,73.2,55,73,54,PS2
Monster Hunter G,59,3.63,30,Just Right,53.85,76.9,9,13,41,PS2
Monster Lab,52,3.66,22,Just Right,63.64,42.9,7,10,43,PS2
Musashi: Samurai Legend,1039,3.55,438,Just Right,63.49,29.1,140,275,53,PS2
The Nightmare of Druaga,284,3.6,82,Tough-Unforgiving,43.18,56.7,15,21,22,PS2
Nishikaze no Kyoushikyouku: The Rhapsody of Zephyr,22,3.88,13,Just Right-Tough,66.67,48.8,8,8,57,PS2
Nobunaga's Ambition Online,9,2.75,2,NA,NA,NA,NA,NA,NA,PS2
Nuga-Cel!,37,3.93,29,Just Right-Tough,54.17,60.2,19,20,69,PS2
Odin Sphere,2668,4.05,1159,Just Right-Tough,54.97,46.3,269,555,39,PS2
Orphen: Scion of Sorcery,544,2.84,183,Just Right,55.56,21.5,53,101,43,PS2
Shin Megami Tensei: Persona 3,2676,4.35,1594,Just Right-Tough,57.48,73.9,579,1133,67,PS2
Shin Megami Tensei: Persona 3 FES,7919,4.45,5217,Just Right-Tough,53.31,78.7,1985,3192,59,PS2
Shin Megami Tensei: Persona 4,8863,4.55,6236,Just Right-Tough,65.49,75.8,2689,4009,66,PS2
Phantasy Star Universe,862,3.7,358,Just Right,66.12,52,100,222,49,PS2
Phantasy Star Universe: Ambition of the Illuminus,392,3.72,163,Just Right,65.75,56.9,45,97,48,PS2
Steambot Chronicles,639,3.91,260,Just Right,73.6,50.1,77,152,NA,PS2
PoPoLoCrois: Hajimari no Bouken,27,2.5,13,Just Right-Tough,37.5,32,5,7,58,PS2
PoPoLoCrois: Tsuki no Okite no Bouken,22,3.56,9,Tough,42.86,40,5,7,NA,PS2
Pride of the Dragon Peace,19,3.35,10,Just Right-Tough,NA,50,3,3,33,PS2
Radiata Stories,2191,3.91,1077,Just Right,75.26,56.2,407,789,63,PS2
Rogue Galaxy,3032,4.06,1527,Just Right,73,66.5,484,883,NA,PS2
Rogue Hearts Dungeon,30,3.69,16,Tough,66.67,54.5,11,11,79,PS2
Romancing SaGa,971,3.71,381,Tough,45,67.8,102,177,NA,PS2
RPG Maker 3,399,3.3,165,Just Right-Tough,44.71,78.6,34,43,21,PS2
RPG Maker II,312,3.17,114,Tough,47,75,14,16,11,PS2
Sagashi ni Ikouyo,6,3,2,Easy-Just Right,50,40,1,1,33,PS2
Sega Ages 2500 Series Vol. 1: Phantasy Star Generation:1,92,3.9,52,Just Right-Tough,55.56,58,25,30,NA,PS2
Sega Ages 2500 Series Vol. 17: Phantasy Star Generation:2,80,3.83,50,Tough,66.67,76.3,24,27,66,PS2
Shadow Hearts,2160,4.13,1041,Just Right,75.87,44.7,412,868,69,PS2
Shadow Hearts: Covenant,2360,4.26,1178,Just Right,78.65,57.2,467,962,72,PS2
Shadow Hearts: From the New World,1741,3.79,739,Just Right,75.63,51.9,231,486,54,PS2
Shadow Tower: Abyss,79,3.63,45,Just Right-Tough,NA,20,18,22,69,PS2
Shin Megami Tensei: Nocturne,4037,4.37,2222,Tough,93,73.3,791,1203,NA,PS2
Shining Force EXA,696,3.81,280,Just Right-Tough,67.11,53.1,87,176,53,PS2
Shining Force Neo,616,3.36,216,Just Right,55,49.9,58,129,47,PS2
Shining Tears,553,3.38,202,Just Right,65,43.3,46,100,41,PS2
Shining Wind,59,3.42,25,Just Right-Tough,61.54,48,5,11,46,PS2
Spectral Souls,35,3.23,15,Tough,NA,NA,7,7,44,PS2
Shinki Gensou: Spectral Souls II,28,3.29,17,Tough,NA,NA,4,5,38,PS2
Shinseiki Yuusha Taisen,12,3.42,6,Tough-Unforgiving,66.67,40,2,3,NA,PS2
Ururun Quest: Koiyuuki,10,3.25,2,Just Right-Tough,50,20,1,1,100,PS2
Spectral Force Chronicle,25,3.36,14,Just Right,62.5,30.3,7,9,69,PS2
Spectral Force: Radical Elements,37,3.67,27,Just Right-Tough,45.45,46.8,18,18,75,PS2
Spectral Gene,40,3.62,30,Just Right-Tough,43.48,62.4,17,19,66,PS2
Star Ocean 3: Till the End of Time,251,3.92,149,Just Right-Tough,58.72,72.2,74,102,68,PS2
Star Ocean: Till the End of Time,5271,4.03,2867,Just Right-Tough,59.28,72.6,930,1953,58,PS2
Summon Night EX-Thesis: Yoake no Tsubasa,52,3.77,32,Just Right,42.11,50.7,15,22,71,PS2
Summon Night Gran-These: Horobi no Tsurugi to Yakusoku no Kishi,38,3.88,26,Just Right-Tough,47,55.3,15,16,64,PS2
Summoner,802,3.37,259,Just Right,68.7,46.6,68,135,39,PS2
Summoner 2,581,3.62,181,Just Right-Tough,38,39.8,62,112,48,PS2
Sunrise World War,20,3.06,9,Just Right,NA,20.8,5,6,67,PS2
Tales of Destiny,286,4.11,151,Just Right,63.64,61.6,50,97,58,PS2
Tales of Destiny 2,342,3.85,156,Just Right-Tough,62,61.2,51,102,NA,PS2
Tales of Destiny: Director's Cut,300,3.78,195,Just Right-Tough,69.88,71.1,56,104,64,PS2
Tales of Legendia,2178,3.71,1038,Just Right,73.7,59.3,348,771,61,PS2
Tales of Rebirth,327,4.14,161,Just Right-Tough,56.98,66,57,99,59,PS2
Tales of Symphonia,368,4.09,195,Just Right,75.25,72.7,64,133,62,PS2
Tales of the Abyss,4021,4.33,2495,Just Right,58,68.8,923,1923,71,PS2
Tengai Makyou II: Manji Maru,17,3.5,10,Just Right-Tough,44.44,70.1,9,9,NA,PS2
Tensai Bit-Kun: Gramon Battle,16,2.96,14,Tough,55.56,55.3,8,8,89,PS2
Tenshi no Present: Marl Oukoku Monogatari,50,3.78,34,Just Right-Tough,65,53.3,15,15,54,PS2
Tir Na Nog: Yuukyuu no Jin,23,2.08,19,Tough,NA,26.4,5,5,38,PS2
Tsugunai: Atonement,228,3.45,76,Just Right-Tough,48.65,44.4,18,37,42,PS2
Unlimited Saga,1109,2.6,407,Tough-Unforgiving,52.75,62,51,95,19,PS2
Valkyrie Profile 2: Silmeria,2967,4.09,1427,Just Right-Tough,54.72,65.2,433,831,NA,PS2
Viorate no Atelier: Gramnad no Renkinjutsushi 2,28,3.75,10,Just Right,85.71,53.3,3,4,NA,PS2
Virtua Quest,106,3.45,42,Just Right-Tough,48.15,32.2,10,15,NA,PS2
Wild Arms 3,2274,3.87,960,Just Right,77.57,58.9,295,611,NA,PS2
Wild Arms 4,1440,3.7,583,Just Right,72.7,45.7,211,450,61,PS2
Wild ARMs 5,1335,3.97,592,Just Right,76.32,62.5,197,397,56,PS2
Wild Arms Alter Code: F,980,4,406,Just Right,77,58.8,132,275,56,PS2
Wizardry Empire III: Haoh no Keifu,8,3.5,1,Unforgiving,100,NA,NA,NA,NA,PS2
Wizardry Summoner,8,3.75,2,Just Right-Tough,50,40,1,1,50,PS2
Wizardry X 2: Mugen no Gakuto,11,3.88,4,Just Right-Tough,50,12,1,1,33,PS2
Wizardry X: Zensen no Gakufu,9,3,2,Tough,100,NA,NA,NA,NA,PS2
Wizardry Gaiden: Sentou no Kangoku - Prisoners of the Battles,13,2.72,9,Tough,57.14,6.9,7,8,NA,PS2
X-Men Legends,1062,3.73,460,Just Right,75.2,23.5,155,364,65,PS2
X-Men Legends II: Rise of Apocalypse,959,3.76,408,Just Right,76,25.9,129,330,67,PS2
Xenosaga Episode I: Der Wille zur Macht,4343,3.98,2130,Just Right,66.86,54.2,722,1708,67,PS2
Xenosaga Episode II: Jenseits von Gut und Bose,3398,3.67,1476,Just Right-Tough,57.24,49.6,538,1192,67,PS2
Xenosaga Episode III: Also sprach Zarathustra,2810,4.22,1366,Just Right,76.28,57.2,535,1136,75,PS2
Ys III: Wanderers from Ys,67,3.7,33,Just Right-Tough,61.11,53.1,11,18,64,PS2
Ys IV: Mask of the Sun - A New Theory,45,3.41,16,Tough,NA,21,4,7,64,PS2
"Ys V: Lost Kefin, Kingdom of Sand",61,3.76,36,Just Right-Tough,57.89,51.1,15,17,61,PS2
Ys: The Ark of Napishtim,823,3.71,323,Just Right-Tough,69.14,27.4,103,242,NA,PS2
Zill O'll Infinite,26,3.73,15,Just Right-Tough,54.55,43.8,10,11,73,PS2
Zwei!!,17,3.1,5,Tough,33.33,NA,NA,NA,NA,PS2
