"","game_title","number_owners","rating","number_owners_rated","difficulty","percent_difficulty_votes","game_length","votes_game_length","number_completed_users","completion_rate","system","rating_rate","difficulty_numeric"
"1",".hack//Link",300,3.93,148,"Easy-Just Right",57.69,54.7,37,57,36,"PSP",49.3333333333333,2.5
"2","7th Dragon 2020",214,4.05,135,"Just Right-Tough",56.9,51.6,77,87,68,"PSP",63.0841121495327,3.5
"3","7th Dragon 2020-II",122,4.08,72,"Just Right-Tough",45.9,48.2,42,44,68,"PSP",59.0163934426229,3.5
"4","Adventures to Go!",265,3.62,119,"Easy-Just Right",69.64,34.3,18,31,22,"PSP",44.9056603773585,2.5
"5","Agarest Senki Mariage",52,3.74,25,"Just Right-Tough",56.25,35,10,15,71,"PSP",48.0769230769231,3.5
"6","Alien Syndrome",194,3.34,70,"Just Right",58.33,25.4,18,27,31,"PSP",36.0824742268041,3
"7","Angelique Retour",8,3.58,6,"Just Right",33.33,16,2,2,67,"PSP",75,3
"9","Ape Quest",133,3.52,65,"Easy-Just Right",68.42,22.2,12,27,36,"PSP",48.8721804511278,2.5
"10","Arms' Heart",25,1.27,11,"Tough",28.57,4.3,6,6,55,"PSP",44,4
"11","Astonishia Story",514,3.03,181,"Just Right",47.37,21.1,39,81,38,"PSP",35.2140077821012,3
"12","Crimson Gem Saga",781,3.65,347,"Just Right",62.86,37.8,72,141,34,"PSP",44.4302176696543,3
"13","Battle Spirits: Hero's Soul",30,2.82,11,"Just Right-Tough",42.86,23,4,4,36,"PSP",36.6666666666667,3.5
"14","Battle Spirits: Kiseki no Hasha",24,3.35,10,"Tough",42.86,22.5,6,6,55,"PSP",41.6666666666667,4
"15","Blade Dancer: Lineage of Light",387,2.96,132,"Just Right-Tough",71,33.7,19,48,29,"PSP",34.1085271317829,3.5
"16","Bleach: Soul Carnival",263,3.95,178,"Just Right",41.27,24.2,50,116,58,"PSP",67.680608365019,3
"17","Bleach: Soul Carnival 2",225,3.95,155,"Just Right",52.7,34.9,54,95,61,"PSP",68.8888888888889,3
"18","Brandish: The Dark Revenant",125,3.96,71,"Just Right-Tough",54,35.4,34,39,64,"PSP",56.8,3.5
"19","Brave Story: New Traveler",1030,3.78,481,"Just Right",68.2,39.5,119,276,48,"PSP",46.6990291262136,3
"20","Breath of Fire III",970,4.17,427,"Just Right",76.72,53,131,233,47,"PSP",44.020618556701,3
"21","Dungeon Maker: Hunting Ground",158,3.59,65,"Just Right",79.17,58.7,9,21,27,"PSP",41.1392405063291,3
"22","Dungeon Maker II: The Hidden War",189,3.84,81,"Just Right",78.26,58.8,8,14,14,"PSP",42.8571428571429,3
"23","ClaDun x2",271,3.96,147,"Just Right-Tough",51.43,51.9,30,38,27,"PSP",54.2435424354244,3.5
"24","Cladun: This is an RPG",346,3.84,148,"Just Right-Tough",51.85,38.1,27,47,25,"PSP",42.7745664739884,3.5
"25","Class of Heroes",613,3.61,300,"Tough",52.89,52.1,36,62,17,"PSP",48.9396411092985,4
"26","Class of Heroes 2",185,3.71,75,"Just Right",52,48.1,21,23,32,"PSP",40.5405405405405,3
"29","Conception: Please Have My Children!",57,4,35,"Just Right",37,44.8,13,14,48,"PSP",61.4035087719298,3
"30","Criminal Girls",96,3.96,69,"Just Right",65.12,43.2,24,35,51,"PSP",71.875,3
"31","Crisis Core: Final Fantasy VII",8858,4.22,5763,"Just Right",69.91,45.1,1762,4209,65,"PSP",65.0598329193949,3
"32","Danball Senki",54,4,37,"Just Right",68.42,30.2,11,15,47,"PSP",68.5185185185185,3
"33","Danball Senki Boost",42,3.87,30,"Just Right",77.78,48.2,10,13,62,"PSP",71.4285714285714,3
"36","Digimon Adventure",199,4.03,133,"Just Right",53,46.4,49,56,49,"PSP",66.8341708542714,3
"37","Digimon World Re:Digitize",401,4.13,287,"Just Right",53,38.4,104,118,53,"PSP",71.571072319202,3
"38","DokiSui: DokiDoki Suikoden",8,3.7,5,"Easy-Just Right",50,20,1,1,25,"PSP",62.5,2.5
"39","Dragoneer's Aria",511,3.22,202,"Just Right-Tough",52.94,38.4,25,61,24,"PSP",39.5303326810176,3.5
"41","Dungeon Siege: Throne of Agony",438,3.73,185,"Just Right",64.71,30.4,42,105,48,"PSP",42.2374429223744,3
"42","Dungeon Travelers 2: Ouritsu Toshokan to Mamono no Fuuin",32,3.47,17,"Just Right",38.46,26.4,7,8,57,"PSP",53.125,3
"43","The Legend of Heroes: A Tear of Vermillion",634,3.65,264,"Just Right",69.7,39.5,82,171,54,"PSP",41.6403785488959,3
"45","The Legend of Heroes II: Prophecy of the Moonlight Witch",468,3.59,154,"Easy-Just Right",65,37.9,62,123,59,"PSP",32.9059829059829,2.5
"46","Eiyuu Densetsu: Ao no Kiseki",116,4.13,72,"Just Right",66.67,65.5,38,45,82,"PSP",62.0689655172414,3
"47","The Legend of Heroes: Trails in the Sky",1619,4.32,943,"Just Right",79.97,55.8,400,514,54,"PSP",58.2458307597282,3
"48","Eiyuu Densetsu: Sora no Kiseki Material Collection Portable",16,3.25,4,"Easy-Just Right",66.67,47.3,3,3,75,"PSP",25,2.5
"49","The Legend of Heroes: Trails in the Sky SC",422,4.29,282,"Just Right",68,72.3,143,155,72,"PSP",66.824644549763,3
"50","Eiyuu Densetsu: Sora no Kiseki the 3rd",76,3.81,42,"Just Right-Tough",61.11,57.6,16,25,74,"PSP",55.2631578947368,3.5
"51","Eiyuu Densetsu: Zero no Kiseki",126,4.1,82,"Just Right",77,64.8,42,49,69,"PSP",65.0793650793651,3
"52","Elminage Gothic: Ulm Zakir to Yami no Gishiki",22,3.42,12,"Tough-Unforgiving",53.85,80,6,6,46,"PSP",54.5454545454545,4.5
"53","Elminage Ibun: Ame no Mihashira",17,3.25,10,"Tough",44.44,38.4,5,5,56,"PSP",58.8235294117647,4
"59","Fairy Tail: Portable Guild 2",66,3.46,40,"Just Right",51.85,45.3,15,17,45,"PSP",60.6060606060606,3
"60","Fate/Extra",1207,4,732,"Just Right-Tough",57.98,43.6,304,379,55,"PSP",60.6462303231152,3.5
"61","Fate/Extra CCC",164,4.06,105,"Just Right",73.13,55.4,43,48,57,"PSP",64.0243902439024,3
"63","Final Fantasy II",2411,3.71,1038,"Just Right",58.36,37.3,382,660,51,"PSP",43.0526752384903,3
"64","Final Fantasy III",796,3.74,385,"Just Right",64.73,42.3,158,210,56,"PSP",48.3668341708543,3
"65","Final Fantasy Type-0",939,4.32,667,"Just Right-Tough",56.9,58.7,255,302,51,"PSP",71.0330138445155,3.5
"66","Frontier Gate",58,3.99,34,"Just Right-Tough",61.54,62.9,17,18,53,"PSP",58.6206896551724,3.5
"67","Frontier Gate Boost+",34,4.06,24,"Just Right-Tough",52.63,60.7,14,15,65,"PSP",70.5882352941177,3.5
"68","Fushigi no Dungeon: Fuuren no Shirai 3 Portable",24,3.65,13,"Tough",50,68.3,6,7,54,"PSP",54.1666666666667,4
"70","Genso Suikoden: Tsumugareshi Hyakunen no Toki",79,3.52,48,"Easy-Just Right",42.86,38.8,16,19,53,"PSP",60.7594936708861,2.5
"71","God Eater",335,4.04,206,"Just Right-Tough",45.26,64,59,98,46,"PSP",61.4925373134328,3.5
"73","Gods Eater Burst",1634,4.16,1017,"Just Right-Tough",51.93,62.4,385,511,47,"PSP",62.2399020807834,3.5
"74","Grand Knights History",222,4,134,"Just Right-Tough",64.47,36.5,20,22,22,"PSP",60.3603603603604,3.5
"82","Jikandia: The Timeless Land",147,3.35,33,"Just Right",58.82,20.7,6,12,24,"PSP",22.4489795918367,3
"83","Judie no Atelier: Gramnad no Renkinjutsushi - Toraware no Mamoribito",21,3.46,12,"Just Right-Tough",36.36,63.3,6,6,46,"PSP",57.1428571428571,3.5
"86","Kingdom of Paradise",395,3.6,150,"Just Right",53.26,29.3,59,94,53,"PSP",37.9746835443038,3
"87","Kidou Senshi Gundam AGE: Cosmic Drive",48,3.98,26,"Easy-Just Right",71.43,28,5,9,64,"PSP",54.1666666666667,2.5
"91","Kingdom Hearts: Birth by Sleep",5997,4.37,4116,"Just Right",67.79,48.5,1892,2964,68,"PSP",68.6343171585793,3
"92","Last Ranker",103,3.91,64,"Just Right",84.85,43.9,21,28,51,"PSP",62.1359223300971,3
"93","Lord of Apocalypse",68,3.98,40,"Just Right",68.97,53.8,17,18,53,"PSP",58.8235294117647,3
"94","Lord of Arcana",760,3.68,437,"Tough",48,55.3,73,96,21,"PSP",57.5,4
"95","Lost Heroes",32,3.93,20,"Tough-Unforgiving",53.85,61.5,8,8,62,"PSP",62.5,4.5
"96","Warriors of the Lost Empire",190,3.12,81,"Just Right-Tough",52.94,31.1,18,31,33,"PSP",42.6315789473684,3.5
"97","Lunar: Silver Star Harmony",1212,4.04,577,"Easy-Just Right",67.95,36.6,176,305,46,"PSP",47.6072607260726,2.5
"98","Magna Carta Portable",44,3.95,21,"Just Right",72.73,43.3,6,8,35,"PSP",47.7272727272727,3
"99","MagusTale Eternity: Seikaiju to Koisuru Mahou Tsukai",9,3.7,5,"Just Right",100,20,1,2,50,"PSP",55.5555555555556,3
"100","Mana Khemia 2: Ochita Gakuen to Renkinjutsushi Tachi Portable+",61,4.05,43,"Just Right",74,52.3,18,23,58,"PSP",70.4918032786885,3
"101","Mana Khemia: Student Alliance",867,4.06,461,"Just Right",75,52.9,139,230,42,"PSP",53.1718569780854,3
"102","Marvel: Ultimate Alliance",321,3.83,165,"Just Right",71.95,30.5,57,116,62,"PSP",51.4018691588785,3
"103","Marvel: Ultimate Alliance 2",154,3.3,87,"Easy-Just Right",66.67,27.6,28,39,42,"PSP",56.4935064935065,2.5
"104","Mega Man Legends",99,4.09,45,"Just Right",51.61,22.2,18,29,59,"PSP",45.4545454545455,3
"105","Mimana Iyar Chronicle",355,3.6,161,"Just Right",71.25,28.3,43,87,46,"PSP",45.3521126760563,3
"106","MonHun Nikki: Poka Poka Ailu Mura",28,3.65,13,"Easy-Just Right",66.67,20,1,2,17,"PSP",46.4285714285714,2.5
"108","Monster Hunter Freedom",1348,4.01,735,"Tough",58.11,77.7,175,298,35,"PSP",54.5252225519288,4
"111","Monster Hunter Portable 3rd",1698,4.44,1356,"Just Right-Tough",54.5,79.2,473,593,48,"PSP",79.8586572438163,3.5
"112","Monster Kingdom: Jewel Summoner",288,3.64,121,"Easy-Just Right",55.56,33,27,63,45,"PSP",42.0138888888889,2.5
"115","Nendoroid Generation",66,3.88,37,"Just Right",75.86,17.9,9,12,38,"PSP",56.0606060606061,3
"116","One Piece: Romance Dawn",107,3.84,77,"Just Right",62.5,45.2,28,31,46,"PSP",71.9626168224299,3
"119","Shin Megami Tensei: Persona",2228,3.8,1132,"Just Right-Tough",56,48.3,290,437,35,"PSP",50.8078994614004,3.5
"120","Persona 2: Batsu",150,3.3,72,"Easy-Just Right",44.23,51.6,32,37,54,"PSP",48,2.5
"121","Shin Megami Tensei: Persona 2 - Innocent Sin",2091,4.04,1073,"Just Right",56.74,49.6,324,402,39,"PSP",51.3151602104256,3
"123","Phantasy Star Portable",1581,3.99,883,"Just Right",63.39,51.6,174,437,42,"PSP",55.8507273877293,3
"124","Phantasy Star Portable 2",1441,4.23,910,"Just Right-Tough",63.58,60.6,284,449,46,"PSP",63.1505898681471,3.5
"125","Phantasy Star Portable 2 Infinity",199,4.22,136,"Just Right-Tough",63.75,68.2,44,65,53,"PSP",68.3417085427136,3.5
"126","PoPoLoCrois",550,3.68,186,"Easy-Just Right",65.52,34.7,38,95,42,"PSP",33.8181818181818,2.5
"127","Princess Crown",88,3.84,34,"Just Right-Tough",46.67,48.2,9,16,43,"PSP",38.6363636363636,3.5
"128","Puella Magi Madoka Magica Portable",66,4,44,"Just Right-Tough",51.43,40.8,24,25,66,"PSP",66.6666666666667,3.5
"130","Rezel Cross",27,2.62,13,"Just Right-Tough",37.5,40,2,2,17,"PSP",48.1481481481481,3.5
"131","Riviera: The Promised Land",786,3.84,335,"Just Right",66.48,37.4,106,192,46,"PSP",42.6208651399491,3
"132","RockMan Dash 2",54,4.31,29,"Easy-Just Right",47.62,30,10,14,52,"PSP",53.7037037037037,2.5
"133","Saigo no Yakusoku no Monogatari",37,3.26,21,"Just Right-Tough",72.73,32,5,5,26,"PSP",56.7567567567568,3.5
"134","Sekai wa Atashi de Mawatteru: Hikari to Yami no Princess",9,3.63,4,"Easy-Just Right",50,60,1,1,33,"PSP",44.4444444444444,2.5
"135","Senritsu no Stratus",40,3.92,24,"Just Right",66.67,40,9,11,69,"PSP",60,3
"136","Shin Ken to Mahou to Gakuen Mono.: Toki no Gakuen",22,3.9,10,"Just Right",66.67,30,2,2,22,"PSP",45.4545454545455,3
"137","Shin Megami Tensei: Devil Summoner",115,3.54,66,"Just Right-Tough",41.67,62.7,36,40,56,"PSP",57.3913043478261,3.5
"138","Shining Ark",88,3.8,49,"Just Right-Tough",51.35,51,18,23,53,"PSP",55.6818181818182,3.5
"139","Shining Blade",108,3.89,62,"Just Right",65.12,43.7,24,36,73,"PSP",57.4074074074074,3
"140","Shining Hearts",109,3.84,56,"Just Right",71.43,47.1,16,23,44,"PSP",51.3761467889908,3
"142","Silverfall",79,3.2,33,"Just Right",71.43,17,4,9,26,"PSP",41.7721518987342,3
"143","Sol Trigger",87,3.99,55,"Just Right",74.36,35.3,22,25,54,"PSP",63.2183908045977,3
"145","Star Ocean: Second Evolution",2106,4.24,1007,"Just Right",75.44,55.2,329,613,52,"PSP",47.8157644824311,3
"146","Sword Art Online: Infinity Moment",204,4,143,"Just Right",65.91,55.3,32,36,31,"PSP",70.0980392156863,3
"147","Tales of Destiny 2",188,4.01,103,"Just Right-Tough",61.4,56.3,39,67,63,"PSP",54.7872340425532,3.5
"148","Tales of Eternia",994,4.03,509,"Just Right",77.3,54.1,190,323,55,"PSP",51.2072434607646,3
"150","Tales of Phantasia: Narikiri Dungeon X",230,4.09,137,"Just Right",82.76,56.5,56,78,56,"PSP",59.5652173913044,3
"151","Tales of Rebirth",225,4.11,138,"Just Right-Tough",58.21,60,38,71,54,"PSP",61.3333333333333,3.5
"152","Tales of the World: Radiant Mythology",1653,3.73,895,"Just Right",69.19,47,226,488,47,"PSP",54.1439806412583,3
"153","Tales of the World: Radiant Mythology 2",361,4.15,242,"Just Right",69.66,55.7,53,118,48,"PSP",67.0360110803324,3
"154","Tales of the World: Radiant Mythology 3",343,4.2,241,"Just Right",72.3,60.4,91,127,57,"PSP",70.2623906705539,3
"156","Tenchi no Mon 2: Busouden",22,3.68,11,"Just Right-Tough",57.14,20,2,2,22,"PSP",50,3.5
"159","To Heart 2: Dungeon Travelers",33,3.82,14,"Just Right",25,40.5,4,5,36,"PSP",42.4242424242424,3
"160","Toriko: Gourmet Survival!",30,3.5,17,"Just Right-Tough",57.14,23,10,10,59,"PSP",56.6666666666667,3.5
"161","UnchainBlades EXXiV",36,3.88,25,"Just Right-Tough",36.36,60.6,13,14,61,"PSP",69.4444444444444,3.5
"162","Unchained Blades",249,3.93,164,"Just Right-Tough",57.66,66.2,52,68,47,"PSP",65.863453815261,3.5
"163","Untold Legends: Brotherhood of the Blade",585,3.44,250,"Just Right",65.57,30.3,59,121,39,"PSP",42.7350427350427,3
"164","Untold Legends: The Warrior's Code",364,3.47,155,"Just Right",69,28.7,38,84,47,"PSP",42.5824175824176,3
"165","Valhalla Knights",595,3.24,233,"Just Right-Tough",42.74,58,46,75,27,"PSP",39.1596638655462,3.5
"166","Valhalla Knights 2",418,3.52,198,"Tough",56,51.2,18,39,16,"PSP",47.3684210526316,4
"170","Viorate no Atelier: Gramnad no Renkinjutsushi 2 - Gunjou no Omoide",19,3.18,11,"Just Right-Tough",66.67,35,4,4,44,"PSP",57.8947368421053,3.5
"171","Wizardry Empire III",12,2.88,4,"Tough",33.33,20,1,2,50,"PSP",33.3333333333333,4
"173","X-Men Legends II: Rise of Apocalypse",286,3.84,121,"Just Right",81.48,24.9,41,95,65,"PSP",42.3076923076923,3
"175","Ys: The Oath in Felghana",888,4.1,415,"Just Right-Tough",54.75,23.6,184,308,68,"PSP",46.7342342342342,3.5
"176","Ys: The Ark of Napishtim",552,3.66,216,"Just Right",68.91,28.8,72,133,52,"PSP",39.1304347826087,3
"177","Yuusha 30 Second",32,3.93,22,"Just Right-Tough",61.54,40.3,8,11,61,"PSP",68.75,3.5
"178","Z.H.P. Unlosing Ranger vs Darkdeath Evilman",667,4.1,368,"Just Right-Tough",56.25,49.5,93,157,39,"PSP",55.1724137931034,3.5
"179","Zill O'll Infinite Plus",22,3,12,"Just Right-Tough",44.44,16.7,6,6,55,"PSP",54.5454545454545,3.5
"181","7th Dragon",144,3.84,87,"Tough",68.52,54.7,30,37,43,"DS",60.4166666666667,4
"182","Castlevania: Portrait of Ruin",4210,3.89,2276,"Just Right",69.89,26.8,833,1868,76,"DS",54.061757719715,3
"183","Castlevania: Dawn of Sorrow",4711,4.01,2601,"Just Right",71.61,26.4,984,2216,79,"DS",55.211207811505,3
"184","Castlevania: Order of Ecclesia",4285,3.99,2485,"Just Right-Tough",55.23,28,810,1707,64,"DS",57.9929988331389,3.5
"185","Avalon Code",992,3.91,496,"Just Right",64.29,40.6,103,206,34,"DS",50,3
"186","Away: Shuffle Dungeon",192,3.49,68,"Just Right",51.22,28.1,23,31,38,"DS",35.4166666666667,3
"187","Battle of Giants: Mutant Insects",37,3.58,19,"Just Right-Tough",30.77,23.8,8,11,50,"DS",51.3513513513513,3.5
"188","Black Sigil: Blade of the Exiled",469,3.69,234,"Just Right",54.76,36.4,50,81,31,"DS",49.8933901918977,3
"189","Blood of Bahamut",89,3.92,38,"Tough",52.17,48.5,12,18,42,"DS",42.6966292134831,4
"190","Blue Dragon: Awakened Shadow",413,3.78,154,"Just Right",68.57,37.7,37,57,31,"DS",37.2881355932203,3
"191","Fossil Fighters",564,4,325,"Just Right",62.21,42.8,113,230,65,"DS",57.6241134751773,3
"192","Bomberman Story DS",122,3.43,41,"Just Right",76.67,19.9,16,22,39,"DS",33.6065573770492,3
"193","Bouken-Ou Beet: Vandel vs. Busters",22,3.82,11,"Tough",37.5,21,4,4,40,"DS",50,4
"194","Brave Story",23,3.55,11,"Easy",50,49,8,9,82,"DS",47.8260869565217,2
"195","Children of Mana",1627,3.29,684,"Easy-Just Right",57.41,28.1,149,363,41,"DS",42.040565457898,2.5
"196","Chocobo to Mahou no Ehon: Majo to Shoujo to Go-nin no Yuusha",23,3.78,9,"Just Right",75,32.8,5,7,78,"DS",39.1304347826087,3
"197","Spectrobes: Beyond the Portals",565,3.94,295,"Just Right",66.14,38.9,87,189,56,"DS",52.212389380531,3
"198","Chrono Trigger",7905,4.6,5725,"Just Right",77.03,44.2,1882,3332,67,"DS",72.4225173940544,3
"199","Cid to Chocobo no Fushigi na Dungeon: Toki Wasure no Meikyuu +",21,3.2,10,"Just Right",83.33,64,5,7,78,"DS",47.6190476190476,3
"200","Code Geass: Hangyaku no Lelouch",73,3.85,46,"Easy-Just Right",61.11,33.3,12,23,49,"DS",63.013698630137,2.5
"201","Contact",980,3.64,377,"Just Right",64.6,28,94,209,43,"DS",38.469387755102,3
"202","Cross Treasures",23,3.85,10,"Just Right-Tough",40,50.5,4,4,44,"DS",43.4782608695652,3.5
"203","The Dark Spire",497,3.82,230,"Tough-Unforgiving",48.11,61.6,38,66,25,"DS",46.2776659959759,4.5
"204","Date ni Game Tsui Wake Jane! Dungeon Maker Girls Type",13,3.42,6,"Tough-Unforgiving",50,40,3,3,43,"DS",46.1538461538462,4.5
"205","Deep Labyrinth",231,2.88,71,"Just Right-Tough",47.04,34.8,13,25,27,"DS",30.7359307359307,3.5
"206","Deltora Quest",25,3.88,12,"Just Right-Tough",57.14,56.7,6,6,50,"DS",48,3.5
"207","Dengeki Gakuen RPG: Cross of Venus",34,3.89,23,"Easy-Just Right",50,30,6,9,41,"DS",67.6470588235294,2.5
"208","Dengeki Gakuen RPG: Cross of Venus Special",19,3.77,13,"Easy-Just Right",44.44,35,8,8,73,"DS",68.4210526315789,2.5
"209","Destiny Links",16,3.83,6,"Tough",75,14.7,3,3,50,"DS",37.5,4
"210","Di-Gata Defenders",35,1.66,19,"Easy",50,19.3,9,10,50,"DS",54.2857142857143,2
"211","Digimon World DS",866,3.82,499,"Just Right",66.56,40.6,171,341,58,"DS",57.621247113164,3
"212","Digimon Story: Lost Evolution",122,3.98,81,"Just Right",64.71,49.7,20,31,40,"DS",66.3934426229508,3
"213","Digimon World: Dusk",1032,3.93,617,"Just Right",69.52,46.2,190,413,59,"DS",59.7868217054263,3
"214","Digimon World: Dawn",1058,3.93,650,"Just Right",69.03,48.4,210,425,59,"DS",61.4366729678639,3
"215","Digimon Story: Super Xros Wars Blue",58,3.53,34,"Just Right",64.29,60,12,15,54,"DS",58.6206896551724,3
"216","Digimon Story: Super Xros Wars Red",52,3.9,25,"Just Right-Tough",57.14,68.3,8,10,45,"DS",48.0769230769231,3.5
"217","Dinosaur King",143,3.83,83,"Just Right",44.74,43.3,19,34,37,"DS",58.041958041958,3
"218","Dokapon Journey",159,3.66,71,"Just Right",52.78,34.3,18,32,39,"DS",44.6540880503145,3
"219","Dragon Ball Z: Attack of the Saiyans",625,3.96,354,"Just Right",72.3,29.5,140,212,54,"DS",56.64,3
"220","Dragon Quest IV: Chapters of the Chosen",3185,4.09,1559,"Just Right",74.41,42.7,572,1139,61,"DS",48.9481946624804,3
"221","Dragon Quest IX: Sentinels of the Starry Skies",6504,4.31,4094,"Just Right",70.06,67.1,1577,2400,54,"DS",62.9458794587946,3
"222","Dragon Quest Monsters: Joker",1753,3.87,817,"Just Right",62.57,48.2,235,503,50,"DS",46.6058185966914,3
"223","Dragon Quest Monsters: Joker 2",1121,4.12,613,"Just Right",66.97,46.7,235,319,53,"DS",54.6833184656557,3
"224","Dragon Quest Monsters 2: Joker 2 Professional",74,3.98,49,"Just Right-Tough",35.71,62.5,19,24,62,"DS",66.2162162162162,3.5
"225","Dragon Quest V: Hand of the Heavenly Bride",2922,4.31,1483,"Just Right",77.85,47.7,570,972,58,"DS",50.7529089664613,3
"226","Dragon Quest VI: Realms of Revelation",2303,4.1,981,"Just Right",72.98,54.2,369,570,51,"DS",42.5966131133304,3
"227","Dragon Tamer: Sound Spirit",15,3.75,8,"Tough-Unforgiving",57.14,80,2,3,33,"DS",53.3333333333333,4.5
"228","Dramatic Dungeon: Sakura Taisen - Kimi Arugatame",24,3.68,11,"Just Right-Tough",75,30,2,4,50,"DS",45.8333333333333,3.5
"229","Dungeon Explorer: Warriors of Ancient Arts",194,3.35,79,"Just Right",55.88,22.3,20,35,37,"DS",40.7216494845361,3
"230","Master of the Monster Lair",257,3.67,103,"Just Right",66.67,34.3,15,22,18,"DS",40.0778210116732,3
"231","Dungeon of Windaria",17,3.75,6,"Just Right-Tough",60,35,4,4,80,"DS",35.2941176470588,3.5
"232","Egg Monster Hero",31,3.7,15,"Tough-Unforgiving",44.44,48,5,6,43,"DS",48.3870967741936,4.5
"233","Element Hunter",24,3.67,12,"Just Right",80,30,4,6,46,"DS",50,3
"234","Elminage DS Remix: Yami no Miko to Kamigami no Yubiwa",10,3.7,5,"Tough-Unforgiving",66.67,12,1,1,33,"DS",50,4.5
"235","Elminage II DS Remix: Sousei no Megami to Unmei no Daichi",9,3.83,6,"Just Right-Tough",40,30.3,2,2,40,"DS",66.6666666666667,3.5
"236","Lufia: Curse of the Sinistrals",671,3.57,293,"Just Right",66.87,28.4,86,150,44,"DS",43.6661698956781,3
"237","Etrian Odyssey",1601,3.85,830,"Tough",58.56,60.2,224,375,38,"DS",51.842598376015,4
"238","Etrian Odyssey II: Heroes of Lagaard",1378,4.03,735,"Tough",60.55,60.7,168,271,32,"DS",53.3381712626996,4
"239","Etrian Odyssey III: The Drowned City",1279,4.21,695,"Tough",64.32,70.9,222,290,39,"DS",54.3393275996873,4
"240","Fighting Fantasy: The Warlock of Firetop Mountain",109,3.88,52,"Just Right-Tough",47.62,35.2,12,21,37,"DS",47.7064220183486,3.5
"241","Final Fantasy Crystal Chronicles: Echoes of Time",1667,3.84,783,"Just Right",69.78,34.4,206,486,49,"DS",46.9706058788242,3
"242","Final Fantasy Crystal Chronicles: Ring of Fates",2220,3.66,1030,"Just Right",66.37,31.1,271,693,53,"DS",46.3963963963964,3
"243","Final Fantasy III",7937,3.75,4332,"Just Right-Tough",53.34,44.7,1109,2412,46,"DS",54.5798160514048,3.5
"244","Final Fantasy IV",6745,4.19,3794,"Just Right-Tough",49.83,47.3,1042,2213,49,"DS",56.2490733876946,3.5
"245","Final Fantasy: The 4 Heroes of Light",2003,3.64,907,"Just Right-Tough",52.71,44.6,224,360,32,"DS",45.282076884673,3.5
"246","Fossil Fighters: Champions",308,4.18,202,"Just Right",68.87,38,97,131,73,"DS",65.5844155844156,3
"247","Fossil League: Dino Tournament Championship",70,3.27,31,"Easy-Just Right",52.94,32.6,10,13,45,"DS",44.2857142857143,2.5
"248","From the Abyss",328,3.16,119,"Easy-Just Right",50.79,17.8,38,74,49,"DS",36.280487804878,2.5
"249","Fushigi no Dungeon: Fuurai no Shigen 4 Plus - Kami no Hitomi to Akuma no Heso",18,3.83,9,"Tough-Unforgiving",71.43,60,4,4,50,"DS",50,4.5
"250","Fushigi no Dungeon: Fuurai no Shiren 5 - Fortune Tower to Unmei no Dice",23,3.88,16,"Tough-Unforgiving",71.43,76.1,10,11,69,"DS",69.5652173913043,4.5
"251","Mystery Dungeon: Shiren the Wanderer",396,3.89,161,"Tough-Unforgiving",50.62,51.7,36,68,33,"DS",40.6565656565657,4.5
"252","Fushigi no Dungeon: Fuurai no Shigen DS 2 - Sabaku no Majou",16,3.56,9,"Just Right-Tough",57.14,41.7,5,5,63,"DS",56.25,3.5
"253","Game Book DS: Aquarian Age Perpetual Period",9,4,4,"Tough",75,30,2,2,40,"DS",44.4444444444444,4
"254","Suikoden Tierkreis",1489,3.92,830,"Just Right",65.61,48.1,246,471,49,"DS",55.7421087978509,3
"255","Gintama Gin-Oh Quest: Gin-san ga Tenshoku shitari Sekai wo Sukuttari",15,3.69,8,"Tough",33.33,30,2,4,57,"DS",53.3333333333333,4
"256","Glory of Heracles",650,3.62,267,"Just Right",67.63,33.5,75,132,40,"DS",41.0769230769231,3
"257","Golden Sun: Dark Dawn",3781,3.96,2083,"Easy-Just Right",55.31,37.1,804,1358,58,"DS",55.0912457021952,2.5
"258","Izuna: Legend of the Unemployed Ninja",628,3.49,275,"Tough",54.41,25,56,108,30,"DS",43.7898089171975,4
"259","Izuna 2: The Unemployed Ninja Returns",542,3.75,199,"Tough",56.84,34.4,35,74,29,"DS",36.7158671586716,4
"260","Harukanaru Toki no Naka de: Maihitoyo",18,3.73,11,"Unforgiving",80,34.4,5,5,45,"DS",61.1111111111111,5
"261","Harukanaru Toki no Naka de: Yumenoukihashi",15,3.43,7,"Unforgiving",60,16,2,2,29,"DS",46.6666666666667,5
"262","Hottarake no Shima: Kanata no Nijiiro no Kagami",10,3.42,6,"Tough",75,30,2,2,50,"DS",60,4
"263","Infinite Space",844,4.08,430,"Tough",55.88,66.3,125,187,38,"DS",50.9478672985782,4
"264","Inuyasha: Secret of the Divine Jewel",220,3.02,95,"Just Right",48.57,34.4,14,37,31,"DS",43.1818181818182,3
"265","Iron Feather",20,3.63,8,"Tough-Unforgiving",60,20,1,1,11,"DS",40,4.5
"266","Justice League Heroes",41,2.37,15,"Just Right",66.67,8,6,8,44,"DS",36.5853658536585,3
"267","Juushin Enbu DS",8,3.5,6,"Just Right",100,20,5,5,100,"DS",75,3
"268","Kaite Shabette Hajimeyou! Monster Farm DS",10,3.56,9,"Unforgiving",66.67,40,1,2,29,"DS",90,5
"269","Spectrobes",728,3.45,322,"Just Right",60.82,29.2,97,220,54,"DS",44.2307692307692,3
"270","Katekyoo Hitman Reborn! DS Fate of Heat",28,3.66,16,"Tough",33.33,19.2,5,11,58,"DS",57.1428571428571,4
"271","Katekyoo Hitman Reborn! DS Fate of Heat II - Unmei no Futari",33,3.84,22,"Tough",42.86,40,2,10,43,"DS",66.6666666666667,4
"272","Katekyoo Hitman Reborn! DS Fate of Heat III - Yuki no Shugosha Raishuu!",23,3.82,14,"Just Right-Tough",71.43,24.8,5,5,36,"DS",60.8695652173913,3.5
"273","Keroro RPG: Kishi to Musha to Densetsu no Kaizoku",44,3.93,28,"Just Right",60,41.4,7,12,44,"DS",63.6363636363636,3
"274","Kimi no Yuusha",21,3.9,10,"Just Right-Tough",42.86,40,2,3,30,"DS",47.6190476190476,3.5
"275","Kingdom Hearts 358/2 Days",5802,4.01,3641,"Just Right",65.45,38.7,1321,2542,62,"DS",62.7542226818339,3
"276","Kingdom Hearts Re:coded",2744,3.74,1516,"Just Right",65.98,32.3,689,1064,63,"DS",55.2478134110787,3
"277","Kurikin: Nano Island Story",11,3.63,8,"Tough",57.14,71.7,6,6,86,"DS",72.7272727272727,4
"278","Lina no Atelier: Strahl no Renkinjutsushi",28,3.79,12,"Easy",33.33,50,4,6,55,"DS",42.8571428571429,2
"279","Lise no Atelier: Ordre no Renkinjutsushi",26,3.57,7,"Easy-Just Right",50,30,2,3,33,"DS",26.9230769230769,2.5
"281","Lost Magic",682,3.59,273,"Just Right-Tough",50.39,26.1,65,163,44,"DS",40.0293255131965,3.5
"282","Lunar: Dragon Song",905,2.58,362,"Just Right",50.99,37.2,63,139,30,"DS",40,3
"283","Magical Starsign",1018,3.66,412,"Just Right",69.01,38.3,108,227,45,"DS",40.4715127701375,3
"284","Majime no Fumajime: Kaiketsu Zorori - Kyoufu no Takarabako",5,3.25,2,"Tough-Unforgiving",50,20,1,1,50,"DS",40,4.5
"285","MapleStory DS",79,3.84,51,"Easy-Just Right",50,39.3,12,23,49,"DS",64.5569620253165,2.5
"286","Mar Heaven: Boukyaku no Clavier",11,3.5,7,"Just Right-Tough",60,32,5,5,83,"DS",63.6363636363636,3.5
"287","Mar Heaven: Karudea no Akuma",9,4.13,4,"Just Right-Tough",50,47.5,4,4,100,"DS",44.4444444444444,3.5
"288","Mario & Luigi: Partners in Time",3965,3.86,2069,"Just Right",65.23,26.9,763,1621,65,"DS",52.1815889029004,3
"289","Mario & Luigi: Bowser's Inside Story",4603,4.21,2605,"Just Right",72.87,32.9,1040,1801,62,"DS",56.5935259613296,3
"290","Rhapsody: A Musical Adventure",621,3.6,249,"Easy",48.25,21.9,68,151,46,"DS",40.0966183574879,2
"291","Marvel: Ultimate Alliance 2",79,2.87,39,"Easy-Just Right",50,12.1,18,22,45,"DS",49.3670886075949,2.5
"292","Mazes of Fates DS",98,3.71,38,"Just Right-Tough",50,29,9,12,26,"DS",38.7755102040816,3.5
"293","Medarot DS: Kabuto Ver.",26,3.75,20,"Just Right-Tough",37.5,80,4,7,44,"DS",76.9230769230769,3.5
"294","Medarot DS: Kuwagata Ver.",21,3.65,13,"Tough",33.33,68,5,6,50,"DS",61.9047619047619,4
"295","Mega Man Star Force 2: Zerker x Ninja",1275,4.13,837,"Just Right",66.53,33.9,172,585,61,"DS",65.6470588235294,3
"296","Mega Man Star Force 2: Zerker x Saurian",790,4.08,460,"Just Right",64.53,32.7,118,314,58,"DS",58.2278481012658,3
"297","Mega Man Star Force 3: Black Ace",1266,4.35,912,"Just Right",69.89,37.7,265,639,66,"DS",72.0379146919431,3
"298","Mega Man Star Force 3: Red Joker",656,4.32,391,"Just Right",64.19,38.9,115,287,66,"DS",59.6036585365854,3
"299","Mega Man Star Force: Dragon",651,3.85,340,"Just Right",68.45,28.1,137,296,72,"DS",52.2273425499232,3
"300","Mega Man Star Force: Leo",596,3.97,300,"Just Right",67.08,34.4,117,270,72,"DS",50.3355704697987,3
"301","Mega Man Star Force: Pegasus",692,3.92,373,"Just Right",66.84,30.4,146,339,75,"DS",53.9017341040462,3
"302","Metal Max 2 Reloaded",33,3.96,23,"Tough-Unforgiving",61.11,71.1,10,10,53,"DS",69.6969696969697,4.5
"303","Metal Max 3",41,3.92,30,"Tough-Unforgiving",50,74.5,11,12,52,"DS",73.1707317073171,4.5
"304","Metal Saga: Hagane no Kisetsu",27,3.31,18,"Tough-Unforgiving",64.29,65,6,7,39,"DS",66.6666666666667,4.5
"305","Might & Magic: Clash of Heroes",474,3.99,222,"Just Right-Tough",64.52,32.6,75,135,51,"DS",46.8354430379747,3.5
"306","Monster Racers",91,3.89,61,"Just Right",70.97,33.1,21,32,51,"DS",67.032967032967,3
"307","Monster Rancher DS",319,3.7,191,"Just Right",59.14,42.6,33,61,30,"DS",59.8746081504702,3
"308","Monster Lab",43,3.47,17,"Easy-Just Right",66.67,37.3,3,7,37,"DS",39.5348837209302,2.5
"309","Monster Hayhem: Build and Battle",11,3.33,9,"Easy",50,14.9,7,7,88,"DS",81.8181818181818,2
"310","Super Robot Taisen OG Saga: Endless Frontier",803,4.03,428,"Just Right",71.05,41.5,118,245,48,"DS",53.3001245330012,3
"311","My World, My Way",236,3.57,115,"Just Right",59.32,30.4,31,52,36,"DS",48.728813559322,3
"312","Naruto RPG 2: Chidori vs. Rasengan",48,3.67,24,"Just Right",75,27.4,15,18,62,"DS",50,3
"313","Naruto: Path of the Ninja 2",392,3.91,245,"Just Right",61.9,28.2,87,187,70,"DS",62.5,3
"314","Naruto: Path of the Ninja",382,3.57,183,"Just Right",64.21,23.6,79,159,69,"DS",47.9057591623037,3
"315","Net Ghost Pipopa: Pipopa DS @ Daibouken!!!",6,2.5,3,"Easy-Just Right",66.7,30,2,2,67,"DS",50,2.5
"316","Ni no Kuni: Shikkoku no Madoushi",134,3.93,57,"Just Right",81.25,55.3,19,21,37,"DS",42.5373134328358,3
"317","Nora to Toki no Koubou: Kiri no Mori no Majo",28,3.88,20,"Tough",38.46,17.4,6,8,42,"DS",71.4285714285714,4
"318","Nostalgia",744,3.75,356,"Just Right",59.06,38,85,173,40,"DS",47.8494623655914,3
"319","Oni Zero: Sengoku Ransei Hyakkaryouran",20,3.82,11,"Tough",42.86,40,4,4,44,"DS",55,4
"320","Orcs & Elves",363,3.44,139,"Just Right",56.06,13.6,45,85,52,"DS",38.2920110192837,3
"321","Original Story from Fairy Tail: Gekitotsu! Kardia Daiseidou",24,3.62,17,"Easy-Just Right",50,8.6,13,16,89,"DS",70.8333333333333,2.5
"322","Percy Jackson and the Olympians: The Lightning Thief",35,3.71,19,"Easy-Just Right",53.85,15.2,10,16,64,"DS",54.2857142857143,2.5
"323","Phantasy Star Zero",1098,3.97,607,"Just Right",66.96,46.3,134,317,44,"DS",55.2823315118397,3
"324","Pokemon Black Version",11205,4.2,6610,"Just Right",65.77,51.6,3349,5091,71,"DS",58.9915216421241,3
"325","Pokemon Black Version 2",6716,4.26,3747,"Just Right",68.9,54.3,1882,2728,74,"DS",55.7921381774866,3
"326","Pokemon Diamond Version",14296,4.13,8548,"Just Right",66.09,55.4,2836,7547,76,"DS",59.7929490766648,3
"327","Pokemon Pearl Version",9211,4.09,4908,"Just Right",68.21,54.9,1783,4347,74,"DS",53.2841168168494,3
"328","Pokemon HeartGold Version",10169,4.39,5941,"Just Right",68.09,57.9,2732,4543,70,"DS",58.4226570950929,3
"329","Pokemon Platinum Version",13139,4.3,7776,"Just Right",68.53,54.5,3138,6185,70,"DS",59.1825861937743,3
"330","Pokemon SoulSilver Version",10540,4.41,5999,"Just Right",71.19,56.7,2744,4590,69,"DS",56.9165085388994,3
"331","Pokemon White Version",8927,4.2,4970,"Just Right",67.03,51.7,2655,4123,73,"DS",55.6737985885516,3
"332","Pokemon White Version 2",4988,4.26,2489,"Just Right",70.62,56.7,1360,2005,73,"DS",49.8997594226143,3
"333","Pokemon Mystery Dungeon: Blue Rescue Team",4134,3.86,2091,"Just Right",58.46,45.1,822,1744,69,"DS",50.5805515239477,3
"334","Pokemon Mystery Dungeon: Explorers of Sky",3439,4.31,1988,"Just Right",63.37,52.9,915,1512,69,"DS",57.8075021808665,3
"335","Pokemon Mystery Dungeon: Explorers of Time",3414,4.11,1807,"Just Right",60.14,47.7,655,1458,67,"DS",52.929115407147,3
"336","Pokemon Mystery Dungeon: Explorers of Darkness",3002,4.08,1616,"Just Right",57.96,46,570,1245,64,"DS",53.8307794803464,3
"337","Pokemon Ranger",3784,3.51,1763,"Just Right",49.36,27.1,738,1543,69,"DS",46.5909090909091,3
"338","Pokemon Ranger: Shadows of Almia",2768,3.9,1373,"Just Right",60.82,32.6,585,1188,70,"DS",49.6026011560694,3
"339","Pokemon Ranger: Guardian Signs",1983,3.86,951,"Just Right",61.7,32.3,477,855,72,"DS",47.9576399394856,3
"340","Radiant Historia",2239,4.29,1238,"Just Right",73.95,44.4,473,704,53,"DS",55.2925413130862,3
"341","Ragnarok DS",623,3.82,381,"Just Right",57.5,36.1,62,164,38,"DS",61.1556982343499,3
"342","Red Stone DS: Akaki Ishi ni Michibikireshi Monotachi",11,2.92,6,"Tough",40,16,2,2,40,"DS",54.5454545454545,4
"343","Remyuouru no Renkinjutsushi",11,3.57,7,"Just Right-Tough",60,28,5,5,83,"DS",63.6363636363636,3.5
"344","The Wizard of Oz: Beyond the Yellow Brick Road",151,3.82,59,"Just Right",57.14,22.3,14,26,39,"DS",39.0728476821192,3
"345","Rockman.EXE Operate Shooting Star",119,3.77,83,"Just Right",46.67,29.6,16,39,45,"DS",69.7478991596639,3
"346","RPG Tsukuru DS",11,3.78,9,"Just Right-Tough",25,80,3,4,50,"DS",81.8181818181818,3.5
"347","RPG Tsukuru DS+: Create the New World",12,3.75,8,"Just Right",80,50,5,5,83,"DS",66.6666666666667,3
"348","Rune Factory 2: A Fantasy Harvest Moon",1629,4.07,910,"Just Right",75.26,51.3,183,362,33,"DS",55.8624923265807,3
"349","Rune Factory 3: A Fantasy Harvest Moon",1664,4.37,1016,"Just Right",74.64,53.7,393,609,56,"DS",61.0576923076923,3
"350","Rune Factory: A Fantasy Harvest Moon",1903,3.87,979,"Just Right",70.11,50.9,218,494,41,"DS",51.4450867052023,3
"351","SaGa 2: Hihou Densetsu - Goddess of Destiny",131,3.89,70,"Just Right",78.38,33.5,26,31,44,"DS",53.4351145038168,3
"352","SaGa 3: Jikuu no Hasha - Shadow or Light",83,3.89,45,"Just Right-Tough",77.27,38.5,13,13,38,"DS",54.2168674698795,3.5
"353","The Sagasou: Fushigi na Konchuu no Mori",5,3.5,1,"Just Right",100,12,1,1,100,"DS",20,3
"354","Sands of Destruction",676,3.74,361,"Just Right",59.54,34.9,111,224,53,"DS",53.4023668639053,3
"355","Shin Megami Tensei: Strange Journey",2002,3.77,1172,"Tough",61.94,62.6,326,459,41,"DS",58.5414585414585,4
"356","Shounen Sunday & Shounen Magazine: White Comic",14,3.88,8,"Just Right-Tough",40,30.4,5,5,71,"DS",57.1428571428571,3.5
"357","Sigma Harmonics",63,3.95,39,"Just Right-Tough",43.75,47.8,12,16,43,"DS",61.9047619047619,3.5
"358","Solatorobo: Red the Hunter",725,4.11,385,"Easy-Just Right",50.18,28.2,175,228,58,"DS",53.1034482758621,2.5
"359","Soma Bringer",287,3.93,171,"Just Right",70.15,50.2,43,80,42,"DS",59.581881533101,3
"360","Sonic Chronicles: The Dark Brotherhood",1640,3.48,876,"Just Right",59.12,26.7,234,514,50,"DS",53.4146341463415,3
"361","Soul Eater: Medusa no Inbou",47,3.9,26,"Just Right",50,28.7,6,8,30,"DS",55.3191489361702,3
"362","Spectral Force Genesis",233,3.3,92,"Just Right-Tough",45.28,22.3,31,48,47,"DS",39.4849785407725,3.5
"363","The World Ends with You",6893,4.49,4637,"Just Right-Tough",61.61,44.6,1361,3440,69,"DS",67.2711446394893,3.5
"364","Summon Night: Twin Age",744,3.84,356,"Easy-Just Right",56.93,30.1,87,205,44,"DS",47.8494623655914,2.5
"365","Summon Night X: Tears Crown",70,3.59,40,"Just Right",76.19,38,11,19,53,"DS",57.1428571428571,3
"366","Super Robot Taisen OG Saga: Mugen no Frontier EXCEED",160,4.17,122,"Just Right-Tough",72.92,50.5,32,58,52,"DS",76.25,3.5
"367","Sword World 2.0:  Game Book DS",6,4.13,4,"Tough-Unforgiving",75,16,2,2,50,"DS",66.6666666666667,4.5
"368","Tales of Hearts",336,4.06,213,"Just Right",60.78,62,62,102,47,"DS",63.3928571428571,3
"369","Tales of Innocence",517,3.75,314,"Just Right",68.02,37.7,87,145,40,"DS",60.7350096711799,3
"370","Tales of the Tempest",250,2.87,120,"Easy-Just Right",60,31.3,35,60,45,"DS",48,2.5
"371","Tamagotchi no Appare! Niji-Venture",12,3.56,9,"Easy",28.57,17.3,6,6,75,"DS",75,2
"372","Tao's Adventure: Curse of the Demon Seal",184,2.81,62,"Just Right-Tough",52.17,40.2,9,21,26,"DS",33.695652173913,3.5
"373","Tengai Makyou II: Manji Maru",13,3.65,10,"Tough",85.71,67.1,7,7,100,"DS",76.9230769230769,4
"374","Tsubasa Chronicle",20,3.9,10,"Easy-Just Right",75,13.6,5,5,45,"DS",50,2.5
"375","Tsubasa Chronicle Vol. 2",16,3.81,8,"Easy-Just Right",60,24,3,3,50,"DS",50,2.5
"376","Vampire Legends: Power of Three",35,1.48,24,"Easy-Just Right",43.75,4.5,11,11,52,"DS",68.5714285714286,2.5
"377","A Witch's Tale",301,3.57,123,"Easy-Just Right",53.19,46.8,24,48,32,"DS",40.8637873754153,2.5
"378","Witches & Vampires: The Secrets of Ashburry",16,3.44,8,"Just Right",50,16,5,5,56,"DS",50,3
"379","Wizardry Asterisk: Hiiro no Fuuin",13,3.81,8,"Unforgiving",83.33,56.7,3,3,50,"DS",61.5384615384615,5
"380","Wizardy: Boukyaku no Isan",12,3.58,6,"Tough",33.33,30,2,2,33,"DS",50,4
"381","Wizardy: Seimei no Kusabi",11,3.67,6,"Tough-Unforgiving",50,26,2,3,43,"DS",54.5454545454545,4.5
"382","WiZmans World",15,3.75,10,"Just Right",60,12,4,4,50,"DS",66.6666666666667,3
"383","Xenosaga I + II",119,3.89,61,"Just Right",66.67,47.3,14,30,46,"DS",51.2605042016807,3
"384","Ys Book I DS",59,3.45,22,"Easy-Just Right",33.33,12,9,17,53,"DS",37.2881355932203,2.5
"385","Ys Book II DS",42,3.75,12,"Just Right",50,30.6,7,13,65,"DS",28.5714285714286,3
"386","Zettai Karen Children DS: Dai-4 no Children",13,3.75,8,"Just Right-Tough",42.86,23,4,4,50,"DS",61.5384615384615,3.5
"387","Zettai Onkan Otoda Master",12,3.86,7,"Tough-Unforgiving",66.67,64.3,7,7,88,"DS",58.3333333333333,4.5
"388","Zoids Saga DS: Legend of Arcadia",37,4.24,23,"Just Right-Tough",66.67,14.1,6,11,41,"DS",62.1621621621622,3.5
"389","Zoids: Battle Colosseum",15,3.72,9,"Tough",66.67,60,2,4,36,"DS",60,4
"390","3x3 Eyes: Seima Kourinden",49,3.56,16,"Tough",57.14,26,10,10,63,"SNES",32.6530612244898,4
"391","The 7th Saga",846,3.38,422,"Tough-Unforgiving",85,45.2,114,201,42,"SNES",49.8817966903073,4.5
"392","Advanced Dungeons & Dragons: Eye of the Beholder",358,2.84,118,"Tough",59.46,23.8,22,44,27,"SNES",32.9608938547486,4
"393","Akazukin ChaCha",29,3.2,15,"Easy-Just Right",36.36,40,9,10,77,"SNES",51.7241379310345,2.5
"395","Albert Odyssey 2: Jashin no Taidou",53,3.71,14,"Tough",44.44,60.3,6,9,53,"SNES",26.4150943396226,4
"397","Ancient Magic: Bazoe! Mahou Sekai",48,3.03,20,"Just Right-Tough",62.5,37.8,9,10,56,"SNES",41.6666666666667,3.5
"398","Tecmo Secret of the Stars",266,3.27,128,"Just Right",32,42.2,44,77,52,"SNES",48.1203007518797,3
"399","Arabian Nights",85,3.5,43,"Just Right",42.86,25.6,21,24,57,"SNES",50.5882352941176,3
"400","Arcana",388,3.33,185,"Just Right",65,27.5,59,123,57,"SNES",47.680412371134,3
"401","Arcus Odyssey",59,3.11,31,"Tough",52.63,46.7,11,15,45,"SNES",52.5423728813559,4
"402","Aretha II: Ariel no Fushigi na Tabi",37,3.71,14,"Just Right-Tough",38.46,60.4,10,11,73,"SNES",37.8378378378378,3.5
"404","Bakumatsu Korinden Oni",36,3.6,15,"Just Right-Tough",46.15,30.2,9,11,61,"SNES",41.6666666666667,3.5
"405","Benkei Gaiden: Suna no Shou",43,3.84,22,"Just Right-Tough",47.62,44,15,16,67,"SNES",51.1627906976744,3.5
"406","Bishoujo Senshi Sailor Moon: Another Story",292,3.89,181,"Just Right",53,37.8,76,133,67,"SNES",61.986301369863,3
"407","Brain Lord",494,3.56,216,"Just Right-Tough",55.91,25.2,74,124,49,"SNES",43.7246963562753,3.5
"409","Brandish 2",70,3.58,30,"Just Right-Tough",47,51.1,11,15,54,"SNES",42.8571428571429,3.5
"410","Brandish 2 Expert",26,3.72,9,"Tough",42.86,68,5,5,56,"SNES",34.6153846153846,4
"411","Breath of Fire",2167,3.79,1168,"Just Right",11,40.3,461,882,66,"SNES",53.8994000922935,3
"412","Breath of Fire II",2124,4.06,1172,"Just Right-Tough",64.99,44.2,410,845,64,"SNES",55.1789077212806,3.5
"413","Burai: Hachigyoku no Yuushi Densetsu",21,3.22,9,"Just Right-Tough",44.44,21,4,4,44,"SNES",42.8571428571429,3.5
"414","Bushi Seiryuuden: Futari no Yuusha",19,3.38,8,"Just Right",66.67,11,4,5,63,"SNES",42.1052631578947,3
"415","The Twisted Tales of Spike McFang",183,3.42,73,"Just Right",57.14,11.7,32,46,58,"SNES",39.8907103825137,3
"416","Chou-Mahou Tairiku Wozz",55,3.66,29,"Just Right",64.29,53.3,9,13,46,"SNES",52.7272727272727,3
"417","Chrono Trigger",8612,4.58,6613,"Just Right",77.24,46.9,2816,4703,83,"SNES",76.7882025081282,3
"418","Crystal Beans: From Dungeon Explorer",43,3.53,18,"Just Right",85.71,4.7,7,8,44,"SNES",41.8604651162791,3
"419","Cyber Knight",69,3.06,24,"Just Right",88.24,13.8,9,12,41,"SNES",34.7826086956522,3
"420","Cyber Knight II",56,3.31,21,"Just Right-Tough",63.64,15.3,6,8,35,"SNES",37.5,3.5
"421","Daikaijyuu Monogatari",41,3.6,15,"Just Right",72.73,35,8,9,56,"SNES",36.5853658536585,3
"422","Daikaijyuu Monogatari II",21,3.61,9,"Tough",71.43,20.8,5,6,75,"SNES",42.8571428571429,4
"423","New Horizons",301,3.98,180,"Just Right-Tough",58.41,62.4,73,107,63,"SNES",59.8006644518272,3.5
"424","Dark Half",118,4.04,66,"Tough",38.89,21.1,7,45,68,"SNES",55.9322033898305,4
"426","Dark Law",122,4.01,85,"Just Right-Tough",31.25,24.8,8,66,85,"SNES",69.672131147541,3.5
"427","Dokapon 3-2-1",17,3.64,7,"Easy-Just Right",33.33,13.8,5,5,56,"SNES",41.1764705882353,2.5
"430","Dragon Ball Z Super Gokuden: Kakusei-Hen",94,3.21,36,"Just Right",76.92,18.3,15,22,49,"SNES",38.2978723404255,3
"431","Dragon Ball Z Super Gokuden: Totsugeki-Hen",104,3.23,46,"Just Right",75.86,16.4,15,24,44,"SNES",44.2307692307692,3
"432","Dragon Ball Z: Super Saiya Densetsu",205,3.49,114,"Just Right",72,23.5,43,83,64,"SNES",55.609756097561,3
"434","Dragon Quest III: Soshite Densetsu e...",505,4.27,267,"Just Right",75.74,48.5,88,172,63,"SNES",52.8712871287129,3
"435","Dragon Quest V: Tenkuu no Hanayome",537,4.09,274,"Just Right-Tough",21,44.2,88,165,55,"SNES",51.024208566108,3.5
"436","Dragon Quest VI: Maboroshi no Daichi",520,4.08,236,"Just Right-Tough",57.52,56.6,60,149,52,"SNES",45.3846153846154,3.5
"439","Dragon View",217,3.72,105,"Just Right",68.66,17.4,38,67,58,"SNES",48.3870967741936,3
"440","Drakkhen",438,2.64,173,"Tough",59.18,17.1,45,67,32,"SNES",39.4977168949772,4
"441","Dual Orb",42,3.14,11,"Just Right-Tough",66.67,14,2,5,38,"SNES",26.1904761904762,3.5
"445","EarthBound",5283,4.38,3370,"Just Right",68.59,38.2,1275,2262,64,"SNES",63.7895135339769,3
"446","Eien no Filena",53,3.38,26,"Just Right",62.5,10.4,10,12,55,"SNES",49.0566037735849,3
"447","Elfaria",49,3.33,12,"Tough",36.36,16,5,5,31,"SNES",24.4897959183673,4
"450","Lufia & the Fortress of Doom",1280,3.7,600,"Just Right",66.86,38.3,217,453,63,"SNES",46.875,3
"451","Lufia II: Rise of the Sinistrals",1755,4.3,1018,"Just Right",74.3,47.3,372,773,71,"SNES",58.005698005698,3
"453","Final Fantasy III",8073,4.55,6042,"Just Right",71.96,54.9,2235,4939,84,"SNES",74.842066146414,3
"454","Final Fantasy IV",1394,4.16,779,"Just Right",68.2,39.7,360,658,76,"SNES",55.8823529411765,3
"455","Final Fantasy: Mystic Quest",2712,3.38,1427,"Easy",52.21,21.9,621,1234,73,"SNES",52.617994100295,2
"457","Front Mission: Gun Hazard",342,4.14,211,"Just Right",77.22,34.7,46,149,67,"SNES",61.6959064327485,3
"458","Fushigi no Dungeon 2: Fuurai no Shiren",83,3.85,33,"Tough",56.52,68.3,6,14,38,"SNES",39.7590361445783,4
"459","G-O-D: Mezame yoto Yobu Koe ga Kikoe",41,3.26,19,"Just Right",46.15,26.9,9,10,53,"SNES",46.3414634146341,3
"461","Super Chinese World 2",27,3.05,11,"Just Right-Tough",57.14,9,6,6,55,"SNES",40.7407407407407,3.5
"462","Ganpuru: Gunman's Proof",109,4.05,74,"Easy-Just Right",46.43,6.1,16,58,76,"SNES",67.8899082568807,2.5
"463","GD Leen",33,3.42,13,"Just Right-Tough",63.64,51.1,10,11,85,"SNES",39.3939393939394,3.5
"464","Gegege no Kitarou",30,3.07,15,"Just Right-Tough",58.33,11.1,7,8,53,"SNES",50,3.5
"468","Heracles no Eikou III: Kamigami no Chinmoku",57,3.5,26,"Just Right-Tough",62.5,20.8,10,15,63,"SNES",45.6140350877193,3.5
"469","Heracles no Eikou IV: Kamigami-kara no Okurimono",44,3.66,16,"Just Right",54.55,17,8,9,64,"SNES",36.3636363636364,3
"470","Hero Senki",28,3.78,16,"Tough",45.45,56.3,8,10,71,"SNES",57.1428571428571,4
"472","Hiouden: Mamonotachi to no Chikai",30,3.38,8,"Just Right",66.67,13.3,3,3,27,"SNES",26.6666666666667,3
"473","Hokuto no Ken 5",21,2.5,7,"Just Right-Tough",66.67,12,1,2,29,"SNES",33.3333333333333,3.5
"475","Horai Gakuen no Bouken!",47,3.82,22,"Easy-Just Right",42.86,27.6,10,13,62,"SNES",46.8085106382979,2.5
"476","Idea no Hi",25,3.54,14,"Just Right-Tough",55.56,37,6,9,69,"SNES",56,3.5
"478","J.R.R. Tolkien's The Lord of the Rings: Volume 1",262,2.38,111,"Tough",49,16.2,22,39,29,"SNES",42.3664122137405,4
"479","JoJo no Kimyou na Bouken",43,3.32,22,"Just Right-Tough",56.25,24.4,11,12,63,"SNES",51.1627906976744,3.5
"485","Kessen! Dokapon Okukoku IV: Densetsu no Yuusha Tachi",17,3.67,6,"Just Right-Tough",66.67,11,4,4,57,"SNES",35.2941176470588,3.5
"487","Kishin Korinden Oni",28,3.56,9,"Just Right",57.14,11.4,5,6,75,"SNES",32.1428571428571,3
"488","Kouryu Densetsu Villgust",52,3,18,"Just Right",77.78,24.3,8,14,64,"SNES",34.6153846153846,3
"490","Lady Stalker",75,3.67,21,"Just Right",73.33,23.3,6,9,32,"SNES",28,3
"491","Lagoon",511,3.11,222,"Just Right-Tough",55.45,22.2,64,131,51,"SNES",43.4442270058708,3.5
"492","Laplace no Ma",38,3.44,18,"Just Right-Tough",58.33,15.1,9,11,69,"SNES",47.3684210526316,3.5
"493","The Last Battle",30,3.73,11,"Just Right-Tough",37.5,50,5,6,55,"SNES",36.6666666666667,3.5
"495","Lennus II: Fuuin no Shito",74,3.89,36,"Just Right",75,57.5,8,20,54,"SNES",48.6486486486487,3
"496","Paladin's Quest",387,3.37,162,"Just Right-Tough",63.53,37.3,45,87,46,"SNES",41.8604651162791,3.5
"498","Light Fantasy 2",26,3.63,8,"Just Right-Tough",42.86,38,5,5,63,"SNES",30.7692307692308,3.5
"503","Madou Monogatari: Hanamaru Daiyouchi Enji",58,3.57,27,"Easy-Just Right",46.67,20.2,10,16,52,"SNES",46.551724137931,2.5
"505","Mahou Kishi Rayearth",171,3.34,86,"Easy-Just Right",44.44,13.9,28,72,65,"SNES",50.2923976608187,2.5
"507","Mahoujin GuruGuru 2",22,3.25,6,"Tough",66.67,30,2,3,43,"SNES",27.2727272727273,4
"509","Maten Densetsu: Senritsu no Ooparts",22,3.79,7,"Just Right",71.43,30,2,3,38,"SNES",31.8181818181818,3
"510","Metal Max 2",51,3.48,23,"Tough",36.84,40.2,10,11,44,"SNES",45.0980392156863,4
"511","Metal Max Returns",111,4.02,63,"Just Right-Tough",57.14,44.9,21,31,51,"SNES",56.7567567567568,3.5
"517","Monster Maker III: Hikari no Majutsushi",22,3.61,9,"Tough",42.86,14.7,3,4,44,"SNES",40.9090909090909,4
"518","Mouryou Senki Madara 2",33,3.54,12,"Just Right",66.67,30,4,4,31,"SNES",36.3636363636364,3
"519","Mystic Ark",154,3.88,73,"Just Right-Tough",66.67,34.2,22,31,41,"SNES",47.4025974025974,3.5
"521","Obitus",74,2.09,35,"Tough",35,8,7,7,23,"SNES",47.2972972972973,4
"522","Popful Mail",77,3.81,29,"Just Right",56.25,22,8,11,31,"SNES",37.6623376623377,3
"523","Princess Minerva",43,3.59,17,"Just Right",57.14,40.3,8,8,44,"SNES",39.5348837209302,3
"524","Ranma 1/2: Akanekodan Teki Hihou",85,3.53,35,"Just Right",68,22.8,15,26,58,"SNES",41.1764705882353,3
"526","Robotrek",500,3.79,242,"Just Right",63.64,28.6,64,150,55,"SNES",48.4,3
"527","Rokudenashi Blues",31,3.25,12,"Just Right-Tough",66.67,9,6,6,55,"SNES",38.7096774193548,3.5
"528","Romancing SaGa",212,3.63,79,"Just Right-Tough",45.65,41.1,25,32,36,"SNES",37.2641509433962,3.5
"529","Romancing SaGa 2",232,3.95,97,"Tough",52.38,52.9,35,42,44,"SNES",41.8103448275862,4
"530","Romancing SaGa 3",372,4.09,201,"Tough",57.65,47.7,35,107,52,"SNES",54.0322580645161,4
"531","RPG Tsukuru 2",31,2.96,12,"Easy-Just Right",75,80,3,3,21,"SNES",38.7096774193548,2.5
"533","Rudra no Hihou",257,4.06,148,"Just Right-Tough",61.54,45.8,40,88,58,"SNES",57.5875486381323,3.5
"537","SD Gundam Gaiden 2",21,3.17,3,"Tough",100,40,1,1,33,"SNES",14.2857142857143,4
"538","Secret of Evermore",2161,3.99,1146,"Just Right",67.89,35.2,399,813,62,"SNES",53.0310041647385,3
"539","Secret of Mana",4479,4.25,2566,"Just Right",72.95,42.3,993,1917,67,"SNES",57.289573565528,3
"540","Seiken Densetsu 3",1384,4.33,914,"Just Right",74.95,42.3,300,619,64,"SNES",66.0404624277457,3
"541","Shadowrun",841,4.06,451,"Just Right-Tough",88,27.5,136,308,62,"SNES",53.6266349583829,3.5
"542","Shiki Eiyuuden",15,5,1,"Unforgiving",100,80,1,2,67,"SNES",6.66666666666667,5
"543","Shin Megami Tensei",488,3.77,291,"Tough",53.89,47,116,148,51,"SNES",59.6311475409836,4
"544","Shin Megami Tensei if...",160,3.05,87,"Just Right-Tough",36.21,41,38,45,54,"SNES",54.375,3.5
"545","Shin Megami Tensei II",333,3.78,183,"Just Right-Tough",49.58,42.5,70,95,51,"SNES",54.954954954955,3.5
"548","Shinseiki Odysselya 2",27,3.75,12,"Just Right-Tough",55.56,45.7,7,8,62,"SNES",44.4444444444444,3.5
"550","Silva Saga II: The Legend of Light and Darkness",54,3.72,18,"Just Right",76.47,50.2,12,12,63,"SNES",33.3333333333333,3
"551","Slayers",102,3.23,45,"Tough",45.45,34.6,13,19,35,"SNES",44.1176470588235,4
"552","Solid Runner",89,4.08,76,"Just Right",83.33,30,2,65,93,"SNES",85.3932584269663,3
"553","Song Master",24,3.36,7,"Just Right-Tough",66.67,12,2,2,29,"SNES",29.1666666666667,3.5
"554","Soul & Sword",35,3.33,9,"Just Right",83.33,42.8,5,8,89,"SNES",25.7142857142857,3
"555","Soul Blazer",1140,3.94,636,"Just Right",75.83,19.2,270,535,76,"SNES",55.7894736842105,3
"556","Star Ocean",781,4.05,447,"Just Right",75.36,33.5,120,273,54,"SNES",57.2343149807939,3
"557","Super Ninja Boy",198,3.32,85,"Just Right-Tough",54.17,18.5,27,43,49,"SNES",42.9292929292929,3.5
"559","Uncharted Waters",164,3.7,66,"Just Right-Tough",63.16,57.6,21,35,47,"SNES",40.2439024390244,3.5
"560","Super Mario RPG: Legend of the Seven Stars",7680,4.46,4830,"Just Right",68.24,34.5,1663,3604,71,"SNES",62.890625,3
"561","Sword World SFC",31,3.41,11,"Tough",55.56,44.3,7,7,64,"SNES",35.4838709677419,4
"564","Tales of Phantasia",875,4.23,562,"Just Right-Tough",66.67,47.5,193,392,64,"SNES",64.2285714285714,3.5
"565","Terranigma",1332,4.35,878,"Just Right",78.54,33.7,325,613,67,"SNES",65.9159159159159,3
"566","Tengai Makyou Zero",91,3.76,31,"Just Right",55.56,36.8,12,18,49,"SNES",34.0659340659341,3
"567","Tenshi no Uta",28,3.3,10,"Just Right",62.5,20,6,6,67,"SNES",35.7142857142857,3
"568","Torneko no Daibouken: Fushigi no Dungeon",79,3.57,29,"Just Right-Tough",35.29,28.8,8,14,41,"SNES",36.7088607594937,3.5
"569","Tottemo! Lucky Man: Lucky Cookie Roulette de Totsugeki",10,1.75,2,"Just Right",100,8,1,2,100,"SNES",20,3
"571","Trinea",23,3.21,7,"Just Right-Tough",50,4,1,3,38,"SNES",30.4347826086957,3.5
"572","Ultima: Runes of Virtue II",116,3.02,33,"Just Right-Tough",57.89,28.2,9,12,34,"SNES",28.448275862069,3.5
"573","Ultima: The False Prophet",166,3.48,43,"Just Right-Tough",59.26,49.2,12,18,33,"SNES",25.9036144578313,3.5
"574","Ultima: The Black Gate",122,3.14,28,"Just Right-Tough",57.14,42.8,8,17,43,"SNES",22.9508196721311,3.5
"575","Ultima: Kyouryuu Teikoku - The Savage Empire",22,3.17,3,"Just Right",100,20,1,2,29,"SNES",13.6363636363636,3
"577","Wizap!: Ankoku no Ou",14,2.33,3,"Tough",100,12,1,1,50,"SNES",21.4285714285714,4
"578","Wizardry Gaiden IV: Throb of the Demon's Heart",41,3.79,17,"Tough-Unforgiving",58.33,73.3,6,9,56,"SNES",41.4634146341463,4.5
"579","Wizardry V: Heart of the Maelstrom",227,3.55,78,"Tough",55.32,59.9,17,28,29,"SNES",34.3612334801762,4
"581","Wonder Project J",141,4.04,66,"Just Right",71,14.5,16,44,63,"SNES",46.8085106382979,3
"582","Wondrous Magic",17,2.33,3,"Just Right",100,20,1,1,33,"SNES",17.6470588235294,3
"584","Ys III: Wanderers from Ys",570,3.4,244,"Just Right-Tough",48.99,19.2,93,189,63,"SNES",42.8070175438597,3.5
"585","Ys IV: Mask of the Sun",167,3.56,75,"Just Right-Tough",65.31,20,26,56,61,"SNES",44.9101796407186,3.5
"586","Ys V Expert",48,3.4,15,"Easy-Just Right",45.45,24.6,7,7,39,"SNES",31.25,2.5
"587","Ys V: Ushinawareta Suna no Miyako Kefin",126,3.46,62,"Easy",46,13.4,33,49,69,"SNES",49.2063492063492,2
"588","Yume Maboroshi no Gotoku",27,1.5,15,"Tough",45.45,14.7,3,4,25,"SNES",55.5555555555556,4
"590","Rhapsody: A Musical Adventure",568,3.7,245,"Easy",46.15,33.6,88,176,59,"PSX",43.1338028169014,2
"591","Monkey Hero",121,3.58,43,"Just Right",77.8,16.5,12,17,35,"PSX",35.5371900826446,3
"592","The Airs",16,3.96,12,"Easy-Just Right",70,64.7,9,9,75,"PSX",75,2.5
"593","Castlevania: Symphony of the Night",6245,4.6,4438,"Just Right",67.18,33.5,1963,3257,82,"PSX",71.0648518815052,3
"594","Alnam no Kiba: Juuzoku Juuni Shinto Densetsu",11,2.83,3,"Just Right-Tough",50,1,1,1,33,"PSX",27.2727272727273,3.5
"595","Alnam no Tsubasa: Shoujin no Sora no Kanata e",21,2.86,7,"Just Right-Tough",33.33,30,4,5,56,"PSX",33.3333333333333,3.5
"596","Alundra 2",970,3.37,366,"Just Right-Tough",64.68,32.8,105,201,43,"PSX",37.7319587628866,3.5
"597","Ancient Roman: Power of Dark  Side",8,2,2,"Just Right",100,1,1,1,33,"PSX",25,3
"598","Angelique: Tenkuu no Requiem",14,3.83,9,"Just Right-Tough",42.86,39,6,6,75,"PSX",64.2857142857143,3.5
"599","Asuncia: Matsue no Jubaku",19,2,9,"Just Right",50,11.2,5,5,56,"PSX",47.3684210526316,3
"600","Azure Dreams",833,3.81,413,"Just Right-Tough",54.98,50.5,120,228,50,"PSX",49.5798319327731,3.5
"601","Bardysh: Kromeford no Juunin",8,3.5,1,"Just Right",100,30,2,2,100,"PSX",12.5,3
"602","Baroque",32,3.88,12,"Tough",70,50,5,6,46,"PSX",37.5,4
"603","Baroque Syndrome",12,3.8,5,"Just Right-Tough",50,73.3,3,3,60,"PSX",41.6666666666667,3.5
"604","Bastard!! Utsuro Naru Kamigami no Utsuwa",34,3.64,18,"Tough",46.67,46.7,11,12,63,"PSX",52.9411764705882,4
"606","Bealphareth",18,3.32,11,"Just Right",63.64,24.6,7,8,67,"PSX",61.1111111111111,3
"607","Beyond the Beyond",587,3.28,281,"Tough",58.82,54.2,85,157,49,"PSX",47.870528109029,4
"608","Blade Arts",14,3.58,6,"Just Right-Tough",83.33,40,2,3,50,"PSX",42.8571428571429,3.5
"609","Blaze & Blade Busters",16,3.71,7,"Just Right-Tough",57.14,24,3,3,33,"PSX",43.75,3.5
"610","Blaze & Blade: Eternal Quest",119,3.11,70,"Just Right-Tough",46.15,52.1,19,34,46,"PSX",58.8235294117647,3.5
"612","Blue Breaker: Egao no Yakusoku",26,3.61,14,"Just Right-Tough",71.43,59,10,10,71,"PSX",53.8461538461538,3.5
"613","Blue Forest Story: Kaze no Fuuin",23,3.88,8,"Easy-Just Right",33.33,71.3,8,9,90,"PSX",34.7826086956522,2.5
"614","Boundary Gate: Daughter of Kingdom",15,3.61,9,"Just Right",50,64.7,9,10,100,"PSX",60,3
"615","Bounty Sword First",38,2.83,27,"Just Right",66.67,26.3,18,18,62,"PSX",71.0526315789474,3
"616","Bounty Sword: Double Edge",27,2.21,17,"Just Right",57.14,23.7,11,11,58,"PSX",62.962962962963,3
"617","Brave Fencer Musashi",1505,4.05,712,"Just Right",72.33,33.5,239,479,55,"PSX",47.3089700996678,3
"618","Brave Prove",28,2.54,13,"Unforgiving",77.78,12,1,2,15,"PSX",46.4285714285714,5
"619","Breath of Fire III",2679,4.16,1466,"Just Right",74.56,54.4,577,1102,68,"PSX",54.7219111608809,3
"620","Breath of Fire IV",2787,4.06,1406,"Just Right",79.01,49.7,559,999,63,"PSX",50.448510943667,3
"621","Brightis",23,2.16,16,"Tough",45.45,10.4,5,5,36,"PSX",69.5652173913043,4
"622","Chocobo no Fushigi na Dungeon",64,3.74,23,"Just Right",76.92,48,5,10,40,"PSX",35.9375,3
"623","Chocobo's Dungeon 2",489,3.67,208,"Just Right-Tough",58.87,41.1,67,118,45,"PSX",42.5357873210634,3.5
"624","Choro Q Wonderful!",11,3.69,8,"Easy-Just Right",57.14,22.7,6,6,75,"PSX",72.7272727272727,2.5
"625","Chou Hatsumei Boy Kanipan: Hirameki Wonderland",9,3.5,2,"Easy-Just Right",66.67,26,2,2,67,"PSX",22.2222222222222,2.5
"626","Chou Mashin Eiyuuden Wataru: Another Step",10,3,1,"Just Right",100,4,1,1,50,"PSX",10,3
"627","Chrono Cross",6813,4.22,4036,"Just Right",71.92,57.5,1660,3059,69,"PSX",59.2396888301776,3
"628","Chrono Trigger",1963,4.43,1065,"Just Right",80.52,47.9,414,742,69,"PSX",54.253693326541,3
"629","Community Pom",26,3.84,16,"Just Right-Tough",42.86,48,9,10,67,"PSX",61.5384615384615,3.5
"630","Community Pom: Omoide O Dakishimete",4,4,3,"Just Right",100,55,2,2,67,"PSX",75,3
"631","Crime Crackers",33,3.55,22,"Tough",60,49.3,12,12,60,"PSX",66.6666666666667,4
"632","Crime Crackers 2",27,3.63,12,"Tough",50,55.6,9,10,83,"PSX",44.4444444444444,4
"633","Crusaders of Might and Magic",172,2.78,62,"Just Right-Tough",53.85,22.7,19,25,34,"PSX",36.046511627907,3.5
"634","Daibouken Deluxe: Harukanaru Umi",5,4.75,2,"Easy-Just Right",50,16,2,2,100,"PSX",40,2.5
"635","Daikoukai Jidai II",16,3.72,9,"Just Right-Tough",50,67.5,8,8,80,"PSX",56.25,3.5
"636","Darkstone",452,3.32,168,"Just Right-Tough",62,37.8,43,73,34,"PSX",37.1681415929204,3.5
"637","Densetsu Kemono no Ana: Monster Complete World Ver. 2",6,4.5,3,"Easy-Just Right",50,30,2,2,57,"PSX",50,2.5
"638","Devil Summoner: Soul Hackers",78,3.16,47,"Just Right-Tough",39.47,55.3,28,28,56,"PSX",60.2564102564103,3.5
"639","Tecmo's Deception: Invitation to Darkness",254,3.66,94,"Just Right-Tough",45.61,30.6,24,45,45,"PSX",37.007874015748,3.5
"640","Threads of Fate",1292,3.88,615,"Just Right",68.23,30.4,250,446,60,"PSX",47.6006191950464,3
"641","Diablo",772,3.82,345,"Just Right-Tough",52.07,43.3,138,256,61,"PSX",44.6891191709845,3.5
"642","Digimon Tamers: Pocket Culumon",35,2.17,21,"Easy-Just Right",42.86,14.3,7,10,43,"PSX",60,2.5
"643","Digimon World",1812,3.9,1143,"Just Right-Tough",51.46,50.8,374,647,52,"PSX",63.0794701986755,3.5
"644","Digimon World 2",1009,3.74,607,"Just Right-Tough",61.62,62.6,190,311,46,"PSX",60.1585728444004,3.5
"645","Digimon World 3",1474,3.89,945,"Just Right-Tough",62.12,65,301,476,47,"PSX",64.1112618724559,3.5
"646","Doki Doki Poyacchio",18,3.08,12,"Tough",40,20.8,5,5,45,"PSX",66.6666666666667,4
"647","Doraemon 3: Makai no Dungeon",10,4.5,3,"Just Right",100,26,2,2,67,"PSX",30,3
"648","Dragon Drive",14,3.42,6,"Just Right",50,14,6,6,100,"PSX",42.8571428571429,3
"649","Dragon Knight 4",22,3.7,10,"Tough",71.43,35.1,7,9,90,"PSX",45.4545454545455,4
"651","Torneko: The Last Hope",176,3.76,68,"Just Right-Tough",41.46,35.7,23,32,43,"PSX",38.6363636363636,3.5
"652","Dragon Quest IV",133,3.98,50,"Just Right-Tough",60.71,52,20,31,57,"PSX",37.593984962406,3.5
"653","Dragon Quest Monsters 1+2: Hoshiori no Yuusha to Bokujou no Nakamatachi",40,4.03,18,"Tough",40,60,5,6,35,"PSX",45,4
"654","Dragon Warrior VII",1567,4.05,766,"Just Right-Tough",55.61,80,259,433,49,"PSX",48.8832163369496,3.5
"655","Dragon Valor",314,3.59,128,"Just Right",67.95,27.2,54,78,55,"PSX",40.7643312101911,3
"656","Druid: Yami e no Tsuisekisha",19,1.65,17,"Easy-Just Right",42.86,4.8,10,10,67,"PSX",89.4736842105263,2.5
"657","The Dungeon RPG",12,3.44,8,"Tough",50,68,5,5,71,"PSX",66.6666666666667,4
"658","Dungeon Shoutenkai: Densetsu no Ken Hajimemashita",15,3.59,11,"Easy-Just Right",50,22,8,8,80,"PSX",73.3333333333333,2.5
"659","Ecsaform",15,3.5,5,"Just Right-Tough",75,40,2,2,40,"PSX",33.3333333333333,3.5
"660","Eithea",31,3.68,11,"Tough",66.67,46.5,8,7,47,"PSX",35.4838709677419,4
"662","Elie no Atelier: Salberg no Renkinjutsushi 2",37,3.97,18,"Just Right",50,31.6,9,11,61,"PSX",48.6486486486487,3
"663","End Sector",17,1.69,13,"Tough-Unforgiving",50,46,5,5,38,"PSX",76.4705882352941,4.5
"664","Farland Saga: Toki no Michishirube",10,2.33,3,"Just Right",100,12,1,1,50,"PSX",30,3
"665","Final Fantasy",921,3.75,431,"Just Right",64.66,35.4,201,365,70,"PSX",46.7969598262758,3
"666","Final Fantasy II",837,3.49,333,"Just Right-Tough",59.49,41.5,125,251,59,"PSX",39.7849462365591,3.5
"667","Final Fantasy IV",1313,4.03,545,"Just Right",68.89,48.6,198,432,63,"PSX",41.5079969535415,3
"668","Final Fantasy IX",14365,4.4,9061,"Just Right",78.44,64,3925,7160,73,"PSX",63.0769230769231,3
"669","Final Fantasy V",2099,3.99,856,"Just Right",67.1,48.7,353,633,59,"PSX",40.7813244402096,3
"670","Final Fantasy VI",3485,4.3,1689,"Just Right",74.18,56.2,658,1187,60,"PSX",48.4648493543759,3
"671","Final Fantasy VII",19280,4.49,13049,"Just Right",71.78,68.5,5804,10861,78,"PSX",67.6815352697095,3
"672","Final Fantasy VIII",14843,4.16,9123,"Just Right",66.41,67.5,3764,6953,69,"PSX",61.4633160412316,3
"673","First Queen IV: Varcia Senki",27,1.21,19,"Unforgiving",71.43,25,4,4,25,"PSX",70.3703703703704,5
"674","G-O-D Pure: Growth or Devolution",31,2.05,22,"Just Right",64.29,34.4,11,12,55,"PSX",70.9677419354839,3
"675","Gauntlet Legends",319,3.47,118,"Just Right",63.64,37.3,42,74,51,"PSX",36.9905956112853,3
"676","Suikoden",3467,4.19,1965,"Just Right",74.25,42,928,1711,80,"PSX",56.6772425728295,3
"677","Suikoden II",3881,4.54,2548,"Just Right",77.13,55.6,967,1671,78,"PSX",65.6531821695439,3
"678","Go-Jin Senki",15,1.75,10,"Tough",42.86,16,2,2,22,"PSX",66.6666666666667,4
"679","Grandia",2615,4.1,1327,"Just Right",74.11,58,541,937,62,"PSX",50.7456978967495,3
"680","The Granstream Saga",490,3.23,177,"Just Right",69.61,26.4,60,124,52,"PSX",36.1224489795918,3
"682","Groove Adventure Rave: Yuukyuu no Kizuna",16,3.07,7,"Just Right",100,8,1,2,29,"PSX",43.75,3
"683","Guardian Recall",27,3.23,15,"Easy-Just Right",46.15,19.7,10,11,73,"PSX",55.5555555555556,2.5
"684","Guardian's Crusade",373,3.67,164,"Easy-Just Right",60.82,41.6,64,121,61,"PSX",43.9678284182306,2.5
"685","GUNNM Martian Memory",27,3.57,14,"Just Right",83.33,40,6,6,55,"PSX",51.8518518518518,3
"686","Hunter x Hunter: Maboroshi no Greed Island",25,2.5,9,"Easy-Just Right",57.14,9.6,5,5,50,"PSX",36,2.5
"687","Hunter x Hunter: Ubawareta Aura Stone",20,2.5,10,"Easy-Just Right",40,20,3,3,38,"PSX",50,2.5
"688","Inuyasha",54,3.1,31,"Easy",44.44,47.2,13,18,60,"PSX",57.4074074074074,2
"689","Jade Cocoon: Story of the Tamamayu",761,3.58,308,"Just Right",73.74,33.4,106,200,52,"PSX",40.473061760841,3
"690","Kaeru no Ehon: Adventure for the Lost Memories",16,3.5,9,"Easy-Just Right",85.71,62.9,7,7,88,"PSX",56.25,2.5
"691","Kaibutsu Monster Para*Dice",12,1.77,11,"Just Right-Tough",37.5,16,2,2,20,"PSX",91.6666666666667,3.5
"692","Kasei Monogatari",7,2.25,2,"Just Right",100,60,1,1,50,"PSX",28.5714285714286,3
"693","Khamrai",22,3.31,8,"Tough",50,77.5,4,6,67,"PSX",36.3636363636364,4
"694","King's Field(Japan)",60,3.66,43,"Just Right-Tough",63.33,28.1,20,25,69,"PSX",71.6666666666667,3.5
"695","King's Field",374,3.77,166,"Tough",58.1,39.3,71,99,56,"PSX",44.3850267379679,4
"696","King's Field II",311,3.9,148,"Just Right-Tough",44.57,47.4,54,86,61,"PSX",47.588424437299,3.5
"697","Koudelka",856,3.71,391,"Just Right",67.7,24.7,147,259,56,"PSX",45.6775700934579,3
"698","Kuro no Ken: Blade of the Darkness",13,3.21,7,"Just Right-Tough",40,20,1,1,20,"PSX",53.8461538461538,3.5
"700","Lagnacure",18,3.5,5,"Tough",50,60,1,3,60,"PSX",27.7777777777778,4
"701","Lagnacure Legend",11,3.33,3,"Tough",33.33,60,1,1,33,"PSX",27.2727272727273,4
"702","Legend of Legaia",2327,4.03,1358,"Just Right-Tough",67.17,53.5,534,979,67,"PSX",58.3584013751612,3.5
"703","The Legend of Dragoon",5206,4.18,3202,"Just Right",70.21,59.4,1203,2193,64,"PSX",61.5059546676911,3
"704","The Legend of Heroes III: Shiroki Majo",12,4.5,2,"Just Right",100,80,1,1,100,"PSX",16.6666666666667,3
"705","The Legend of Heroes IV: Akai Shizuku",12,3.5,1,"Just Right",100,80,1,1,100,"PSX",8.33333333333333,3
"706","Legend of Mana",2493,4.07,1307,"Just Right",70.81,49.7,496,958,65,"PSX",52.426795026073,3
"707","Light Fantasy Gaiden: Nyanyan ga Nyan",18,3.88,12,"Tough-Unforgiving",45.45,47.5,8,8,73,"PSX",66.6666666666667,4.5
"708","Linda Cube Again",23,3.69,13,"Just Right-Tough",55.56,10.7,3,3,23,"PSX",56.5217391304348,3.5
"709","Little Lovers: She So Game",18,3.83,9,"Easy-Just Right",50,6.3,7,9,82,"PSX",50,2.5
"710","Little Princess: Maru Oukoku no Ningyou Hime 2",44,3.86,22,"Easy-Just Right",60,66.9,7,10,45,"PSX",50,2.5
"711","Lunar 2: Eternal Blue",1774,4.23,823,"Just Right",73.28,52,306,673,69,"PSX",46.3923337091319,3
"712","Lunar: Silver Star Story Complete",2069,4.24,1039,"Just Right",70.91,47.1,425,911,76,"PSX",50.2174963750604,3
"713","Lunatic Dawn Odyssey",16,3.75,6,"Just Right-Tough",66.67,40,1,1,33,"PSX",37.5,3.5
"714","Magical Medical",20,1.84,16,"Tough-Unforgiving",66.67,23,4,4,25,"PSX",80,4.5
"716","Marie no Atelier Plus: Salberg no Renkinjutsushi",35,4.03,16,"Easy-Just Right",45.45,35.4,10,12,80,"PSX",45.7142857142857,2.5
"717","Marie no Atelier: Salburg no Renkinjutsushi",47,3.5,16,"Easy-Just Right",60,67.1,7,11,61,"PSX",34.0425531914894,2.5
"718","Medarot R",16,3.75,10,"Tough",50,67.6,5,5,50,"PSX",62.5,4
"719","Medarot R Parts Collection",14,3.6,10,"Tough-Unforgiving",50,49,2,2,20,"PSX",71.4285714285714,4.5
"720","Mega Man Legends",1926,4.1,1016,"Just Right",74.88,26.8,440,829,72,"PSX",52.7518172377985,3
"721","Mega Man Legends 2",1426,4.21,742,"Just Right",74.77,29.3,293,557,68,"PSX",52.0336605890603,3
"722","Persona",818,3.68,359,"Just Right-Tough",60.66,57,126,200,47,"PSX",43.8875305623472,3.5
"723","Meremanoid",30,1.61,19,"Unforgiving",77.78,12,3,3,15,"PSX",63.3333333333333,5
"724","Mitsumete Knight R: Daibouken-hen",15,3.61,9,"Easy-Just Right",71.43,26.4,5,5,56,"PSX",60,2.5
"725","Momotarou Densetsu",8,4.17,3,"Just Right-Tough",50,60,1,1,33,"PSX",37.5,3.5
"727","Monster Collection: Kamen no Madoushi",9,3.5,1,"Easy",100,8,1,1,50,"PSX",11.1111111111111,2
"728","Moon",37,3.89,23,"Tough",61.54,52.2,9,12,63,"PSX",62.1621621621622,4
"729","The Mystic Dragoons",22,2.44,9,"Tough-Unforgiving",62.5,8,2,2,20,"PSX",40.9090909090909,4.5
"731","Nemu Lu Mayu: Sleeping Cocoon",6,3.75,2,"Just Right",100,60,2,2,100,"PSX",33.3333333333333,3
"732","Neorude",27,1.94,17,"Tough-Unforgiving",57.14,24,3,3,19,"PSX",62.962962962963,4.5
"733","Neorude 2",25,1.61,14,"Tough-Unforgiving",61.54,17.3,3,3,21,"PSX",56,4.5
"734","Neorude: Kizamareta Monshou",22,1.79,14,"Tough-Unforgiving",50,17.3,3,3,20,"PSX",63.6363636363636,4.5
"735","Ningyo no Rakuin",10,3.75,4,"Just Right",100,40,3,3,75,"PSX",40,3
"736","Oasis Road",16,3.56,9,"Just Right-Tough",42.86,50,4,4,57,"PSX",56.25,3.5
"738","One Piece: Ocean's Dream",37,2.48,20,"Easy",31.58,25.1,14,14,61,"PSX",54.0540540540541,2
"739","One Piece: Tobidase Kaizokudan!",33,2.73,20,"Tough",43.75,20.8,10,11,50,"PSX",60.6060606060606,4
"741","Ore no Shikabane o Koete Yuke",29,3.79,17,"Just Right-Tough",69.23,51.1,11,12,75,"PSX",58.6206896551724,3.5
"746","PAL: Shinken Densetsu",23,2.47,17,"Tough",38.46,52,5,5,31,"PSX",73.9130434782609,4
"747","Pangaea",6,3.75,2,"Just Right",100,50,2,2,67,"PSX",33.3333333333333,3
"748","Parasite Eve",3743,4.11,2026,"Just Right-Tough",64.31,31.8,875,1504,67,"PSX",54.1277050494256,3.5
"749","Parasite Eve II",2604,4.02,1242,"Just Right-Tough",60.94,29.7,482,807,60,"PSX",47.6958525345622,3.5
"750","Persona 2: Eternal Punishment",1462,3.84,644,"Just Right-Tough",55.44,60.9,209,308,45,"PSX",44.0492476060192,3.5
"751","Persona 2: Tsumi - Innocent Sin",528,3.65,304,"Just Right",52.82,48.3,90,150,54,"PSX",57.5757575757576,3
"752","Planet Laika",19,3.77,11,"Tough",33.33,50,5,5,71,"PSX",57.8947368421053,4
"753","Pocket Digimon World",14,3.69,8,"Just Right",87.5,16,4,4,50,"PSX",57.1428571428571,3
"754","Pocket Digimon World: Cool & Nature Battle Disc",8,3.67,3,"Just Right",100,20,1,1,50,"PSX",37.5,3
"757","PoPoLoCrois Monogatari",44,3.76,19,"Tough",41.67,47.7,7,13,59,"PSX",43.1818181818182,4
"758","PoPoLoCrois Monogatari II",35,3.85,17,"Just Right-Tough",28.57,66.7,3,9,60,"PSX",48.5714285714286,3.5
"759","PoPoRoGue",28,3.6,10,"Tough-Unforgiving",50,28.5,4,4,36,"PSX",35.7142857142857,4.5
"760","Prisoner",7,4.5,1,"Tough",100,40,1,1,100,"PSX",14.2857142857143,4
"761","Purumui Purumui",23,3.44,8,"Just Right-Tough",42.86,8.8,5,5,71,"PSX",34.7826086956522,3.5
"762","Riot Stars",8,3.33,3,"Just Right-Tough",66.67,40,1,1,25,"PSX",37.5,3.5
"763","RPG Maker",559,3.39,201,"Just Right",54.37,66.7,37,57,21,"PSX",35.9570661896243,3
"764","RPG Tsukuru 4",13,3.71,7,"Just Right-Tough",60,45.8,5,5,83,"PSX",53.8461538461538,3.5
"765","Rubbish Blazon",16,3.25,6,"Just Right-Tough",50,26.7,3,3,43,"PSX",37.5,3.5
"767","Rurouni Kenshin: Meiji Kenkaku Romantan - Juuyuushi Inbou Hen",44,3.69,21,"Easy-Just Right",64.71,45.2,10,14,67,"PSX",47.7272727272727,2.5
"768","Ryuki Densyo: Dragoon",26,3.63,16,"Easy-Just Right",53.33,30,14,15,94,"PSX",61.5384615384615,2.5
"769","SaGa Frontier",1429,3.81,716,"Tough",54.07,67.4,246,426,51,"PSX",50.1049685094472,4
"770","SaGa Frontier 2",1185,3.57,513,"Tough",59.09,49.9,123,225,37,"PSX",43.2911392405063,4
"771","Satomi no Nazo",32,1.54,23,"Tough-Unforgiving",61.9,50,7,7,32,"PSX",71.875,4.5
"774","Seirei Shoukan: Princess of Darkness",11,3,1,"Just Right",100,60,1,1,100,"PSX",9.09090909090909,3
"776","Shachou Eiyuuden: The Eagle Shooting Heroes",16,4,9,"Just Right",100,26.4,5,5,63,"PSX",56.25,3
"777","Shadow Madness",342,3.14,145,"Easy-Just Right",40,42.4,45,79,44,"PSX",42.3976608187134,2.5
"778","Shadow Tower",189,3.86,67,"Tough",38.3,32.7,30,40,54,"PSX",35.4497354497354,4
"779","Shin Megami Tensei",93,3.12,59,"Tough",39.13,48,35,40,69,"PSX",63.4408602150538,4
"780","Shin Megami Tensei if",97,2.79,64,"Just Right-Tough",44.9,53.2,30,35,54,"PSX",65.979381443299,3.5
"781","Shin Megami Tensei II",94,3.41,62,"Tough",37.74,59.2,35,41,67,"PSX",65.9574468085106,4
"782","Shin Megami Tensei: Devil Children",68,2.09,49,"Just Right",32.5,39.7,25,28,58,"PSX",72.0588235294118,3
"783","Shinsetsu Samurai Spirits: Bushidou Retsuden",32,3.92,18,"Tough",42.86,25.5,9,9,53,"PSX",56.25,4
"784","Silent Mobius: Genei no Datenshi",13,3.5,2,"Just Right",100,40,1,1,50,"PSX",15.3846153846154,3
"785","The Tozan RPG",14,2.44,9,"Tough",42.86,35,4,4,40,"PSX",64.2857142857143,4
"787","Slayers Wonderful",41,1.64,25,"Tough-Unforgiving",72.22,50,5,6,23,"PSX",60.9756097560976,4.5
"790","Sonata",17,3.92,6,"Just Right",83.33,34.4,5,5,83,"PSX",35.2941176470588,3
"791","Spectral Blade",20,3.6,5,"Just Right",50,56.7,3,3,43,"PSX",25,3
"792","Spectral Tower",21,3.06,8,"Just Right-Tough",42.86,62.5,4,4,50,"PSX",38.0952380952381,3.5
"793","Spectral Tower II",17,3.67,6,"Just Right-Tough",50,42.4,5,5,83,"PSX",35.2941176470588,3.5
"794","Star Ocean: The Second Story",2398,4.26,1350,"Just Right-Tough",63.06,67.6,507,1011,67,"PSX",56.2969140950792,3.5
"795","Startling Odyssey 1: Blue Evolution",16,2.71,7,"Just Right",40,11.2,5,5,100,"PSX",43.75,3
"797","Super Hero Sakusen",16,3.58,6,"Just Right",100,50,2,4,57,"PSX",37.5,3
"798","Super Hero Sakusen: Daidaru no Yabou",12,2.88,4,"Easy",33.33,50,2,3,60,"PSX",33.3333333333333,2
"799","Suzu Monogatari",5,3.5,1,"Just Right",100,60,1,1,100,"PSX",20,3
"800","Tales of Destiny",1300,3.92,662,"Just Right",69.12,52.8,276,511,66,"PSX",50.9230769230769,3
"801","Tales of Destiny II",1090,4.09,565,"Just Right",74.07,56.5,215,435,67,"PSX",51.8348623853211,3
"802","Tales of Phantasia",458,4.16,275,"Just Right",72.38,52.9,128,189,67,"PSX",60.0436681222707,3
"803","Tasogare no Ode: Ode to the Sunset Era",31,1.35,23,"Tough-Unforgiving",72.22,32,7,7,32,"PSX",74.1935483870968,4.5
"805","Thousand Arms",738,3.68,311,"Just Right",68.45,42.8,114,223,59,"PSX",42.1409214092141,3
"806","Tilk: Ano Umi kara Kita Shoujo",12,3.67,3,"Just Right",100,60,1,1,25,"PSX",25,3
"808","Tokyo Dungeon",18,3.35,10,"Tough",77.78,34.3,7,7,70,"PSX",55.5555555555556,4
"809","Tokyo Mew Mew",18,3.3,10,"Easy",42.86,31.6,5,6,67,"PSX",55.5555555555556,2
"810","Treasure Gear",20,3.44,9,"Tough",70,40,7,7,70,"PSX",45,4
"811","TwinBee RPG",28,3.83,12,"Just Right-Tough",50,50.3,6,9,64,"PSX",42.8571428571429,3.5
"812","Ultima Underworld: The Stygian Abyss",11,3.17,9,"Tough-Unforgiving",50,7,2,4,57,"PSX",81.8181818181818,4.5
"813","Vagrant Story",3249,4.12,1570,"Tough",62.58,47.8,493,853,46,"PSX",48.3225607879347,4
"814","Valkyrie Profile",1622,4.34,894,"Just Right-Tough",60.59,52.5,339,665,66,"PSX",55.1171393341554,3.5
"815","Vampire: Kyuuketsuki Densetsu",12,3.58,6,"Tough",50,70,3,4,80,"PSX",50,4
"816","Velldeselba Senki: Tsubasa no Kunshou",15,4.13,4,"Just Right",100,20,1,1,25,"PSX",26.6666666666667,3
"819","White Diamond",14,3.64,7,"Just Right-Tough",60,26,2,3,50,"PSX",50,3.5
"820","Wild Arms",2803,4,1411,"Just Right",76.89,47.8,544,959,60,"PSX",50.3389225829468,3
"821","Wild Arms 2",2015,3.97,910,"Just Right",75.42,54.3,339,641,60,"PSX",45.1612903225806,3
"824","Wizardy VII: Gadeia no Houshu",14,3.83,9,"Tough",50,48,5,5,63,"PSX",64.2857142857143,4
"825","Wizardy: Dimguil",13,3.21,7,"Tough",75,36.7,3,4,80,"PSX",53.8461538461538,4
"827","Xenogears",4803,4.4,2922,"Just Right",67.69,69.4,1212,2043,65,"PSX",60.8369768894441,3
"828","Yakata: Nightmare Project",21,3.42,12,"Tough",54.55,62,5,5,45,"PSX",57.1428571428571,4
"829","Yu-Gi-Oh! Monster Capsule Breed & Battle",36,3.34,19,"Just Right-Tough",41.18,26.2,9,11,55,"PSX",52.7777777777778,3.5
"830","Yuukyuu no Eden",14,3.21,7,"Just Right-Tough",42.86,23,4,4,57,"PSX",50,3.5
"832","Zill O'll",38,3.85,20,"Just Right-Tough",56.25,63.8,13,13,68,"PSX",52.6315789473684,3.5
"833","Zoids 2: Herikku Kyouwakoku VS Gairosu Teikoku",11,2,2,"Tough",100,8,1,1,50,"PSX",18.1818181818182,4
"834","Zoids Battle Card Game: Seihou Tairiku Senki",8,2.75,2,"Just Right",100,4,1,1,50,"PSX",25,3
"835","Zoids: Teikoku vs Kyouwakoku - Mecha Seita no Idenshi",16,4,7,"Tough",60,53,4,4,67,"PSX",43.75,4
"836",".hack//Mutation Part 2",2235,3.87,878,"Just Right",72.69,39.3,347,852,73,"PS2",39.2841163310962,3
"837",".hack//Fragment",171,3.81,65,"Just Right-Tough",58.54,48.5,32,43,57,"PS2",38.0116959064327,3.5
"838",".hack//G.U. vol. 1//Rebirth",1946,4,1007,"Just Right",77.33,42.1,408,937,83,"PS2",51.7471736896197,3
"839",".hack//G.U. vol. 2//Reminisce",1713,4.05,851,"Just Right",78.18,44.3,357,802,84,"PS2",49.6789258610625,3
"840",".hack//G.U. vol. 3//Redemption",1672,4.13,847,"Just Right",75,52,336,748,81,"PS2",50.6578947368421,3
"841",".hack//Infection Part 1",3122,3.77,1401,"Just Right",68.35,37.9,531,1266,69,"PS2",44.8750800768738,3
"842",".hack//Outbreak Part 3",1932,3.89,719,"Just Right",71.5,40.8,283,678,72,"PS2",37.2153209109731,3
"843",".hack//Quarantine Part 4",1681,3.97,620,"Just Right",67.17,43.5,224,529,67,"PS2",36.8828078524688,3
"844","3-Nen B-Gumi Kinpachi Sensei: Densetsu no Kyoudan ni Tate!",19,1.96,12,"Tough",37.5,14.4,5,5,45,"PS2",63.1578947368421,4
"845","Abarenbou Princess",27,3.25,14,"Easy-Just Right",45.45,33.2,10,10,67,"PS2",51.8518518518518,2.5
"846","Angel's Feather",19,3.61,9,"Easy-Just Right",62.5,9.8,8,8,89,"PS2",47.3684210526316,2.5
"847","Ar tonelico II: Melody of Metafalica",1416,4.04,706,"Just Right",64.25,57.9,244,458,56,"PS2",49.8587570621469,3
"848","Ar tonelico: Melody of Elemia",1557,3.95,811,"Easy-Just Right",59.38,51.8,317,616,66,"PS2",52.08734746307,2.5
"849","Arc the Lad: End of Darkness",688,2.92,196,"Just Right",51,41.6,54,113,44,"PS2",28.4883720930233,3
"850","Atelier Iris 2: The Azoth of Destiny",1340,3.92,538,"Just Right",73,48,214,449,67,"PS2",40.1492537313433,3
"851","Atelier Iris 3: Grand Phantasm",1216,3.75,478,"Just Right",73.13,47.7,162,325,56,"PS2",39.3092105263158,3
"852","Atelier Iris: Eternal Mana",1613,3.8,712,"Just Right",77.63,46.9,251,547,62,"PS2",44.1413515189089,3
"854","Baldur's Gate: Dark Alliance",1745,3.8,755,"Just Right",73.56,30.7,274,704,76,"PS2",43.2664756446991,3
"855","Baldur's Gate: Dark Alliance II",1206,3.75,501,"Just Right",69.92,36.5,171,429,71,"PS2",41.5422885572139,3
"857","Baroque",474,3.35,171,"Tough",59.46,52.3,35,61,28,"PS2",36.0759493670886,4
"858","Bleach: Hanatareshi Yabou",59,2.34,35,"Easy-Just Right",36.36,11.2,20,22,55,"PS2",59.3220338983051,2.5
"859","Okage: Shadow King",787,3.71,314,"Just Right",63,37.3,77,160,43,"PS2",39.8983481575604,3
"862","Bouken-Ou Beet: Darkness Century",22,3.59,11,"Tough",42.86,13.6,5,8,73,"PS2",50,4
"863","Brave Story",55,3.89,27,"Easy-Just Right",65.22,50,18,20,71,"PS2",49.0909090909091,2.5
"864","Breath of Fire: Dragon Quarter",1759,3.47,703,"Tough",54.2,44,188,423,47,"PS2",39.9658897100625,4
"865","Busin 0: Wizardry Alternative Neo",24,3.64,14,"Just Right-Tough",55.56,75,6,8,67,"PS2",58.3333333333333,3.5
"867","Champions of Norrath",1209,3.81,533,"Just Right",74.81,45.7,180,418,66,"PS2",44.0860215053763,3
"868","Champions: Return to Arms",929,3.85,424,"Just Right",73.81,51.7,137,316,65,"PS2",45.6404736275565,3
"869","Mystic Heroes",174,3.31,62,"Just Right",64,23,16,26,39,"PS2",35.632183908046,3
"871","Colosseum: Road to Freedom",139,3.69,67,"Just Right-Tough",51.43,37.9,20,34,47,"PS2",48.2014388489209,3.5
"872","Dark Angel:  Vampire Apocalypse",170,2.63,51,"Tough",44,33.7,13,14,22,"PS2",30,4
"873","Dark Cloud 2",3693,4.17,1935,"Just Right",73.89,65.9,626,1151,53,"PS2",52.3964256701868,3
"874","Dark Cloud",3747,3.87,1837,"Just Right",67.17,52,575,1179,53,"PS2",49.0258873765679,3
"875","Dawn of Mana",803,3.14,263,"Just Right",58.54,27.8,58,116,35,"PS2",32.7521793275218,3
"876","Demon Bane",24,1.89,14,"Tough-Unforgiving",55.56,33.3,3,4,33,"PS2",58.3333333333333,4.5
"877","Shin Megami Tensei: Devil Summoner 2: Raidou Kuzunoha vs. King Abaddon",1480,4.1,671,"Just Right",61.22,59.2,178,306,42,"PS2",45.3378378378378,3
"878","Shin Megami Tensei: Devil Summoner - Raidou Kuzunoha vs. the Soulless Army",1727,3.96,805,"Just Right-Tough",55,49.4,264,442,52,"PS2",46.6126230457441,3.5
"879","Digimon World Data Squad",446,3.47,215,"Just Right",61.21,37.5,58,102,39,"PS2",48.2062780269058,3
"880","Digimon World 4",643,3.48,363,"Just Right-Tough",52.25,54.1,87,172,43,"PS2",56.4541213063764,3.5
"881","Shin Megami Tensei: Digital Devil Saga",3111,4.17,1565,"Tough",57.98,54.2,596,1018,59,"PS2",50.3053680488589,4
"882","Shin Megami Tensei: Digital Devil Saga 2",2496,4.18,1041,"Just Right-Tough",58.43,52.5,370,643,57,"PS2",41.7067307692308,3.5
"883","Dokapon Kingdom",190,3.79,91,"Just Right-Tough",47,47.4,29,49,45,"PS2",47.8947368421053,3.5
"884","Dokapon the World",31,3.27,26,"Just Right-Tough",53.33,38.5,12,12,63,"PS2",83.8709677419355,3.5
"885","Drakengard 2",1050,3.43,420,"Just Right",62.72,37.5,160,295,59,"PS2",40,3
"886","Drakengard",1687,3.68,777,"Just Right-Tough",52.83,39.2,283,548,61,"PS2",46.0580912863071,3.5
"888","Dragon Quest V: Tenkuu no Hanayome",216,4.07,114,"Just Right",75.76,60.9,44,63,58,"PS2",52.7777777777778,3
"889","Dragon Quest VIII: Journey of the Cursed King",6989,4.3,4053,"Just Right-Tough",65.11,76.1,1453,2538,56,"PS2",57.9911289168694,3.5
"890","Dragon Quest: Shounen Yangus to Fushigi no Dungeon",52,3.93,30,"Just Right-Tough",54.55,55.9,19,22,81,"PS2",57.6923076923077,3.5
"891","Dual Hearts",323,3.66,98,"Just Right",43,25.5,24,57,44,"PS2",30.3405572755418,3
"896","Eternal Quest",98,2.88,44,"Tough",42.86,35.7,19,21,46,"PS2",44.8979591836735,4
"899","Forever Kingdom",197,2.88,61,"Just Right-Tough",43.24,29.4,16,22,31,"PS2",30.9644670050761,3.5
"901","EverQuest Online Adventures: Frontiers",70,3.67,27,"Just Right-Tough",41.67,78.1,10,13,52,"PS2",38.5714285714286,3.5
"902","Falling Stars",59,1.9,26,"Easy",56.25,25.2,9,11,38,"PS2",44.0677966101695,2
"903","Fallout: Brotherhood of Steel",309,2.94,123,"Just Right",54.24,21.5,33,59,46,"PS2",39.8058252427184,3
"904","Final Fantasy X",19444,4.37,12668,"Just Right",69.64,69.9,5381,10977,79,"PS2",65.151203456079,3
"905","Final Fantasy X-2",11604,3.63,6331,"Just Right",65.62,58.4,2163,4623,62,"PS2",54.5587728369528,3
"906","Final Fantasy X-2: International + Last Mission",435,4,184,"Just Right",57.61,65.9,65,131,59,"PS2",42.2988505747126,3
"907","Final Fantasy XI",943,3.71,309,"Just Right-Tough",47,78.1,65,134,32,"PS2",32.7677624602333,3.5
"908","Final Fantasy XI: Adoulin no Makyou",25,3.38,8,"Easy-Just Right",25,38,3,5,71,"PS2",32,2.5
"909","Final Fantasy XI: Treasures of Aht Urhgan",252,3.67,64,"Just Right-Tough",42.31,75.2,20,41,41,"PS2",25.3968253968254,3.5
"912","Final Fantasy XI: Wings of the Goddess",226,3.67,60,"Just Right-Tough",44.44,73.6,16,36,38,"PS2",26.5486725663717,3.5
"913","Final Fantasy XI: Chains of Promathia",339,3.72,96,"Tough",37.14,75.4,26,56,41,"PS2",28.3185840707965,4
"916","Final Fantasy XII",17252,4.05,10799,"Just Right",64,75.7,3313,6825,56,"PS2",62.5956410850916,3
"917","Final Fantasy XII International  Zodiac Job System",787,4.16,507,"Just Right",21,78.3,186,255,54,"PS2",64.4218551461245,3
"918","Fullmetal Alchemist 2: Curse of the Crimson Elixir",581,3.63,210,"Just Right",69,22.9,65,198,68,"PS2",36.144578313253,3
"920","Fullmetal Alchemist and the Broken Angel",635,3.42,240,"Just Right",68.6,20,67,185,58,"PS2",37.7952755905512,3
"921","Magic Pengel: The Quest for Color",220,3.66,73,"Just Right",52.63,29.9,22,43,48,"PS2",33.1818181818182,3
"922","Gauntlet: Seven Sorrows",462,3.12,190,"Easy-Just Right",59.18,13.4,62,134,59,"PS2",41.1255411255411,2.5
"924","Suikoden III",2826,4.03,1362,"Just Right",75,60.5,495,1085,69,"PS2",48.1953290870488,3
"925","Suikoden IV",2592,3.57,1233,"Just Right",67.13,50.6,502,1012,71,"PS2",47.5694444444444,3
"928","Graffiti Kingdom",195,3.68,70,"Easy-Just Right",54.29,21.3,18,35,47,"PS2",35.8974358974359,2.5
"930","Grandia III",1696,3.69,747,"Just Right",67,51.1,272,528,59,"PS2",44.0448113207547,3
"931","Grandia Xtreme",749,3.38,267,"Just Right",71.64,59.1,87,179,51,"PS2",35.6475300400534,3
"932","MS Saga: A New Dawn",463,3.97,219,"Just Right-Tough",53,75.5,55,102,46,"PS2",47.3002159827214,3.5
"933","The Hajimete no RPG",3,4,1,"Just Right",100,40,1,1,100,"PS2",33.3333333333333,3
"934","Harukanaru Toki no Naka de 3: Izayoiki",4,4.25,2,"Tough",100,12,1,2,100,"PS2",50,4
"938","Inuyasha: The Secret of the Cursed Mask",452,3.47,193,"Just Right",64.21,36,54,140,57,"PS2",42.6991150442478,3
"939","Jade Cocoon 2",623,3.71,223,"Just Right",71,55.4,68,130,47,"PS2",35.7945425361156,3
"940","Justice League Heroes",351,3.65,175,"Just Right",63.64,18.2,56,126,63,"PS2",49.8575498575499,3
"941","Juuni Kokuki: Kakukakutaru Oudou, Kouryoku no Uka",7,4.5,1,"Easy",100,8,1,1,100,"PS2",14.2857142857143,2
"942","Kidou Shinsengumi: Moeyo Ken",9,2.5,1,"Just Right",100,20,1,1,100,"PS2",11.1111111111111,3
"943","King's Field: The Ancient City",378,3.53,170,"Just Right-Tough",51.69,39.8,63,94,61,"PS2",44.973544973545,3.5
"944","Kingdom Hearts",14186,4.31,9040,"Just Right",86,49.8,3531,7834,79,"PS2",63.724799097702,3
"945","Kingdom Hearts II",13339,4.43,8597,"Just Right",88,53.7,3436,7906,84,"PS2",64.4501087038009,3
"946","Kingdom Hearts Re:Chain of Memories",3744,3.81,2094,"Just Right-Tough",52.75,37.7,685,1260,52,"PS2",55.9294871794872,3.5
"947","Legaia 2: Duel Saga",1293,3.75,580,"Just Right",68.23,53.9,198,430,63,"PS2",44.8569218870843,3
"948","The Legend of Alon D'ar",162,2.32,51,"Tough",37.5,34,8,12,22,"PS2",31.4814814814815,4
"951","The Lord of the Rings: The Two Towers",1201,3.52,501,"Just Right",62.2,16.5,173,389,62,"PS2",41.7152373022481,3
"952","The Lord of the Rings: The Third Age",918,3.63,446,"Just Right",41,38.4,148,303,59,"PS2",48.5838779956427,3
"953","The Lord of the Rings: The Return of the King",1088,3.73,466,"Just Right",65.65,18.2,160,385,68,"PS2",42.8308823529412,3
"956","Magna Carta: Tears of Blood",968,3.17,369,"Just Right-Tough",57,51,66,121,25,"PS2",38.1198347107438,3.5
"957","Mana Khemia 2: Fall of Alchemy",947,4.07,490,"Just Right",72.45,56.4,183,318,58,"PS2",51.7423442449842,3
"958","Mana Khemia: Alchemists of Al-Revis",1423,4.15,707,"Just Right",74,55.7,249,500,62,"PS2",49.6837666900914,3
"959","Marvel: Ultimate Alliance",1038,3.83,507,"Just Right",72.22,28.8,182,418,69,"PS2",48.8439306358381,3
"960","Marvel: Ultimate Alliance 2",347,3.19,169,"Just Right",63.86,20,47,97,51,"PS2",48.7031700288184,3
"962","Men at Work! 3",21,3.34,16,"Just Right",78.57,28.5,15,15,94,"PS2",76.1904761904762,3
"963","Metal Saga",442,3.65,179,"Just Right-Tough",66.36,56.6,63,83,41,"PS2",40.4977375565611,3.5
"965","Monster Hunter",835,4.07,447,"Tough",63.24,74.1,104,217,45,"PS2",53.5329341317365,4
"966","Monster Hunter 2",221,4.18,137,"Tough",51.39,73.2,55,73,54,"PS2",61.9909502262443,4
"967","Monster Hunter G",59,3.63,30,"Just Right",53.85,76.9,9,13,41,"PS2",50.8474576271186,3
"968","Monster Lab",52,3.66,22,"Just Right",63.64,42.9,7,10,43,"PS2",42.3076923076923,3
"969","Musashi: Samurai Legend",1039,3.55,438,"Just Right",63.49,29.1,140,275,53,"PS2",42.1559191530318,3
"970","The Nightmare of Druaga",284,3.6,82,"Tough-Unforgiving",43.18,56.7,15,21,22,"PS2",28.8732394366197,4.5
"971","Nishikaze no Kyoushikyouku: The Rhapsody of Zephyr",22,3.88,13,"Just Right-Tough",66.67,48.8,8,8,57,"PS2",59.0909090909091,3.5
"973","Nuga-Cel!",37,3.93,29,"Just Right-Tough",54.17,60.2,19,20,69,"PS2",78.3783783783784,3.5
"974","Odin Sphere",2668,4.05,1159,"Just Right-Tough",54.97,46.3,269,555,39,"PS2",43.4407796101949,3.5
"975","Orphen: Scion of Sorcery",544,2.84,183,"Just Right",55.56,21.5,53,101,43,"PS2",33.6397058823529,3
"976","Shin Megami Tensei: Persona 3",2676,4.35,1594,"Just Right-Tough",57.48,73.9,579,1133,67,"PS2",59.5665171898356,3.5
"977","Shin Megami Tensei: Persona 3 FES",7919,4.45,5217,"Just Right-Tough",53.31,78.7,1985,3192,59,"PS2",65.8795302437176,3.5
"978","Shin Megami Tensei: Persona 4",8863,4.55,6236,"Just Right-Tough",65.49,75.8,2689,4009,66,"PS2",70.3599232765429,3.5
"979","Phantasy Star Universe",862,3.7,358,"Just Right",66.12,52,100,222,49,"PS2",41.5313225058005,3
"980","Phantasy Star Universe: Ambition of the Illuminus",392,3.72,163,"Just Right",65.75,56.9,45,97,48,"PS2",41.5816326530612,3
"982","PoPoLoCrois: Hajimari no Bouken",27,2.5,13,"Just Right-Tough",37.5,32,5,7,58,"PS2",48.1481481481481,3.5
"985","Radiata Stories",2191,3.91,1077,"Just Right",75.26,56.2,407,789,63,"PS2",49.1556366955728,3
"987","Rogue Hearts Dungeon",30,3.69,16,"Tough",66.67,54.5,11,11,79,"PS2",53.3333333333333,4
"989","RPG Maker 3",399,3.3,165,"Just Right-Tough",44.71,78.6,34,43,21,"PS2",41.3533834586466,3.5
"990","RPG Maker II",312,3.17,114,"Tough",47,75,14,16,11,"PS2",36.5384615384615,4
"991","Sagashi ni Ikouyo",6,3,2,"Easy-Just Right",50,40,1,1,33,"PS2",33.3333333333333,2.5
"993","Sega Ages 2500 Series Vol. 17: Phantasy Star Generation:2",80,3.83,50,"Tough",66.67,76.3,24,27,66,"PS2",62.5,4
"994","Shadow Hearts",2160,4.13,1041,"Just Right",75.87,44.7,412,868,69,"PS2",48.1944444444444,3
"995","Shadow Hearts: Covenant",2360,4.26,1178,"Just Right",78.65,57.2,467,962,72,"PS2",49.9152542372881,3
"996","Shadow Hearts: From the New World",1741,3.79,739,"Just Right",75.63,51.9,231,486,54,"PS2",42.4468696151637,3
"999","Shining Force EXA",696,3.81,280,"Just Right-Tough",67.11,53.1,87,176,53,"PS2",40.2298850574713,3.5
"1000","Shining Force Neo",616,3.36,216,"Just Right",55,49.9,58,129,47,"PS2",35.0649350649351,3
"1001","Shining Tears",553,3.38,202,"Just Right",65,43.3,46,100,41,"PS2",36.5280289330922,3
"1002","Shining Wind",59,3.42,25,"Just Right-Tough",61.54,48,5,11,46,"PS2",42.3728813559322,3.5
"1006","Ururun Quest: Koiyuuki",10,3.25,2,"Just Right-Tough",50,20,1,1,100,"PS2",20,3.5
"1007","Spectral Force Chronicle",25,3.36,14,"Just Right",62.5,30.3,7,9,69,"PS2",56,3
"1008","Spectral Force: Radical Elements",37,3.67,27,"Just Right-Tough",45.45,46.8,18,18,75,"PS2",72.972972972973,3.5
"1009","Spectral Gene",40,3.62,30,"Just Right-Tough",43.48,62.4,17,19,66,"PS2",75,3.5
"1010","Star Ocean 3: Till the End of Time",251,3.92,149,"Just Right-Tough",58.72,72.2,74,102,68,"PS2",59.3625498007968,3.5
"1011","Star Ocean: Till the End of Time",5271,4.03,2867,"Just Right-Tough",59.28,72.6,930,1953,58,"PS2",54.3919559855815,3.5
"1012","Summon Night EX-Thesis: Yoake no Tsubasa",52,3.77,32,"Just Right",42.11,50.7,15,22,71,"PS2",61.5384615384615,3
"1013","Summon Night Gran-These: Horobi no Tsurugi to Yakusoku no Kishi",38,3.88,26,"Just Right-Tough",47,55.3,15,16,64,"PS2",68.4210526315789,3.5
"1014","Summoner",802,3.37,259,"Just Right",68.7,46.6,68,135,39,"PS2",32.2942643391521,3
"1015","Summoner 2",581,3.62,181,"Just Right-Tough",38,39.8,62,112,48,"PS2",31.1531841652324,3.5
"1017","Tales of Destiny",286,4.11,151,"Just Right",63.64,61.6,50,97,58,"PS2",52.7972027972028,3
"1019","Tales of Destiny: Director's Cut",300,3.78,195,"Just Right-Tough",69.88,71.1,56,104,64,"PS2",65,3.5
"1020","Tales of Legendia",2178,3.71,1038,"Just Right",73.7,59.3,348,771,61,"PS2",47.6584022038567,3
"1021","Tales of Rebirth",327,4.14,161,"Just Right-Tough",56.98,66,57,99,59,"PS2",49.2354740061162,3.5
"1022","Tales of Symphonia",368,4.09,195,"Just Right",75.25,72.7,64,133,62,"PS2",52.9891304347826,3
"1023","Tales of the Abyss",4021,4.33,2495,"Just Right",58,68.8,923,1923,71,"PS2",62.0492414822184,3
"1025","Tensai Bit-Kun: Gramon Battle",16,2.96,14,"Tough",55.56,55.3,8,8,89,"PS2",87.5,4
"1026","Tenshi no Present: Marl Oukoku Monogatari",50,3.78,34,"Just Right-Tough",65,53.3,15,15,54,"PS2",68,3.5
"1028","Tsugunai: Atonement",228,3.45,76,"Just Right-Tough",48.65,44.4,18,37,42,"PS2",33.3333333333333,3.5
"1029","Unlimited Saga",1109,2.6,407,"Tough-Unforgiving",52.75,62,51,95,19,"PS2",36.6997294860234,4.5
"1034","Wild Arms 4",1440,3.7,583,"Just Right",72.7,45.7,211,450,61,"PS2",40.4861111111111,3
"1035","Wild ARMs 5",1335,3.97,592,"Just Right",76.32,62.5,197,397,56,"PS2",44.3445692883895,3
"1036","Wild Arms Alter Code: F",980,4,406,"Just Right",77,58.8,132,275,56,"PS2",41.4285714285714,3
"1038","Wizardry Summoner",8,3.75,2,"Just Right-Tough",50,40,1,1,50,"PS2",25,3.5
"1039","Wizardry X 2: Mugen no Gakuto",11,3.88,4,"Just Right-Tough",50,12,1,1,33,"PS2",36.3636363636364,3.5
"1042","X-Men Legends",1062,3.73,460,"Just Right",75.2,23.5,155,364,65,"PS2",43.3145009416196,3
"1043","X-Men Legends II: Rise of Apocalypse",959,3.76,408,"Just Right",76,25.9,129,330,67,"PS2",42.5443169968717,3
"1044","Xenosaga Episode I: Der Wille zur Macht",4343,3.98,2130,"Just Right",66.86,54.2,722,1708,67,"PS2",49.0444393276537,3
"1045","Xenosaga Episode II: Jenseits von Gut und Bose",3398,3.67,1476,"Just Right-Tough",57.24,49.6,538,1192,67,"PS2",43.4373160682755,3.5
"1046","Xenosaga Episode III: Also sprach Zarathustra",2810,4.22,1366,"Just Right",76.28,57.2,535,1136,75,"PS2",48.6120996441281,3
"1047","Ys III: Wanderers from Ys",67,3.7,33,"Just Right-Tough",61.11,53.1,11,18,64,"PS2",49.2537313432836,3.5
"1049","Ys V: Lost Kefin, Kingdom of Sand",61,3.76,36,"Just Right-Tough",57.89,51.1,15,17,61,"PS2",59.0163934426229,3.5
"1051","Zill O'll Infinite",26,3.73,15,"Just Right-Tough",54.55,43.8,10,11,73,"PS2",57.6923076923077,3.5
